{ "height":30,
 "layers":[
        {
         "data":[4, 4, 4, 4, 4, 4, 4, 4, 4, 4, 4, 4, 4, 4, 4, 4, 4, 4, 4, 4, 1, 1, 1, 1, 4, 4, 4, 4, 4, 4, 4, 4, 4, 4, 4, 4, 4, 4, 4, 4, 4, 4, 4, 4, 4, 4, 4, 4, 4, 4, 4, 1, 1, 1, 1, 1, 4, 1, 1, 1, 4, 4, 4, 4, 4, 17, 11, 11, 11, 11, 11, 11, 4, 4, 4, 4, 4, 4, 4, 1, 1, 1, 1, 1, 1, 1, 4, 1, 1, 1, 4, 5, 4, 4, 4, 12, 5, 5, 5, 5, 5, 5, 5, 11, 15, 4, 4, 4, 4, 4, 4, 1, 1, 4, 1, 1, 1, 1, 1, 1, 4, 17, 15, 4, 4, 4, 12, 5, 5, 5, 5, 5, 5, 5, 7, 15, 4, 4, 4, 4, 2, 2, 2, 1, 1, 1, 1, 1, 1, 4, 4, 13, 16, 4, 4, 4, 4, 12, 5, 5, 5, 5, 5, 5, 5, 7, 15, 4, 4, 2, 2, 2, 1, 1, 1, 1, 1, 1, 1, 4, 4, 13, 16, 4, 4, 4, 4, 4, 12, 5, 5, 5, 5, 5, 5, 5, 5, 3, 3, 2, 2, 2, 2, 2, 1, 4, 1, 1, 1, 4, 4, 12, 14, 4, 4, 4, 4, 4, 4, 12, 5, 5, 5, 5, 5, 5, 3, 3, 2, 2, 2, 2, 2, 2, 4, 4, 1, 1, 1, 4, 4, 4, 4, 4, 4, 17, 15, 4, 4, 4, 12, 5, 5, 5, 3, 3, 3, 2, 2, 2, 2, 2, 4, 4, 4, 1, 1, 1, 1, 4, 4, 17, 11, 15, 4, 13, 7, 15, 4, 4, 4, 12, 5, 3, 3, 2, 2, 2, 2, 2, 2, 2, 5, 4, 4, 1, 1, 4, 1, 1, 4, 12, 5, 16, 4, 13, 5, 7, 15, 4, 4, 4, 4, 3, 2, 2, 2, 2, 2, 2, 2, 5, 5, 4, 4, 1, 1, 4, 4, 4, 4, 4, 12, 14, 4, 13, 5, 5, 7, 15, 4, 4, 4, 4, 4, 4, 4, 4, 4, 2, 5, 5, 5, 16, 4, 4, 4, 4, 4, 4, 4, 4, 4, 4, 4, 13, 5, 5, 5, 7, 15, 4, 4, 4, 4, 4, 4, 4, 4, 13, 5, 5, 5, 16, 4, 4, 4, 4, 4, 4, 4, 4, 4, 4, 4, 12, 9, 5, 5, 5, 5, 4, 4, 4, 4, 4, 4, 4, 4, 13, 5, 18, 18, 18, 4, 4, 4, 4, 4, 4, 4, 4, 4, 4, 4, 4, 13, 5, 5, 5, 3, 4, 4, 4, 4, 4, 4, 4, 4, 13, 16, 4, 4, 4, 4, 4, 4, 4, 4, 4, 4, 4, 4, 4, 4, 4, 13, 5, 5, 3, 3, 4, 4, 4, 4, 4, 4, 4, 4, 13, 16, 4, 4, 4, 4, 4, 4, 4, 4, 4, 4, 4, 4, 4, 4, 4, 13, 5, 3, 3, 2, 4, 4, 4, 4, 4, 4, 4, 4, 13, 7, 11, 11, 11, 15, 4, 4, 4, 4, 4, 4, 4, 4, 4, 4, 4, 13, 3, 3, 2, 2, 4, 4, 4, 4, 4, 4, 4, 4, 12, 9, 5, 5, 5, 16, 4, 4, 4, 4, 4, 4, 4, 4, 4, 4, 4, 3, 3, 2, 2, 2, 4, 4, 4, 4, 4, 4, 4, 4, 4, 12, 9, 5, 5, 16, 4, 4, 4, 4, 4, 4, 1, 1, 1, 4, 4, 3, 2, 2, 2, 2, 2, 2, 11, 11, 11, 11, 15, 4, 4, 4, 12, 9, 5, 16, 4, 4, 4, 4, 4, 4, 1, 1, 1, 4, 4, 2, 2, 2, 2, 2, 2, 5, 5, 5, 5, 5, 7, 15, 4, 4, 4, 12, 9, 16, 4, 4, 4, 4, 4, 4, 1, 1, 1, 1, 4, 2, 2, 2, 2, 2, 5, 5, 5, 5, 5, 5, 5, 7, 15, 4, 4, 4, 12, 14, 4, 4, 4, 4, 4, 4, 1, 1, 1, 1, 1, 1, 2, 4, 4, 4, 4, 4, 12, 18, 18, 18, 9, 5, 7, 15, 4, 4, 4, 4, 4, 4, 4, 4, 4, 4, 4, 1, 1, 1, 1, 1, 1, 1, 1, 4, 4, 4, 4, 4, 4, 4, 12, 18, 18, 14, 4, 4, 4, 4, 4, 4, 4, 4, 4, 4, 1, 1, 1, 1, 1, 1, 1, 1, 4, 4, 4, 4, 4, 4, 4, 4, 4, 4, 4, 4, 4, 4, 4, 4, 4, 4, 4, 4, 4, 4, 1, 1, 1, 1, 1, 1, 1, 1, 1, 4, 4, 4, 4, 4, 4, 4, 4, 4, 4, 4, 4, 4, 4, 4, 4, 4, 4, 4, 4, 4, 4, 4, 1, 1, 1, 1, 1, 1, 1, 1, 1, 4, 4, 4, 4, 4, 4, 4, 4, 4, 4, 4, 4, 4, 4, 4, 4, 4, 4, 4, 1, 1, 1, 1, 1, 1, 4, 4, 1, 1, 1, 4, 4, 4, 4, 4, 4, 4, 4, 4, 4, 4, 4, 4, 4, 4, 4, 4, 4, 4, 4, 4, 1, 4, 1, 1, 1, 4, 1, 1, 1, 1, 4, 4, 4, 4, 4, 4, 4, 4, 4, 4, 4, 4, 4, 4, 4, 4, 4, 4, 4, 4, 4, 4, 4, 4, 4, 4, 4, 4, 4, 4, 4, 4, 4, 4, 4, 4, 4, 4, 4, 4, 4, 4, 4, 4, 4, 4, 4],
         "height":30,
         "name":"Ground Layer",
         "opacity":1,
         "type":"tilelayer",
         "visible":true,
         "width":30,
         "x":0,
         "y":0
        }, 
        {
         "data":[0, 0, 0, 45, 0, 0, 0, 0, 0, 0, 45, 0, 0, 0, 0, 0, 0, 46, 0, 0, 0, 0, 0, 0, 0, 0, 0, 0, 0, 0, 0, 0, 0, 0, 0, 0, 0, 45, 0, 0, 0, 0, 0, 0, 0, 0, 0, 46, 0, 0, 0, 0, 0, 0, 0, 0, 0, 0, 0, 0, 0, 0, 0, 0, 0, 0, 0, 0, 0, 0, 0, 0, 45, 0, 0, 0, 0, 46, 46, 0, 0, 0, 0, 0, 0, 0, 0, 0, 0, 0, 0, 0, 0, 0, 0, 0, 0, 0, 0, 0, 0, 0, 0, 0, 0, 0, 0, 0, 46, 0, 0, 0, 0, 0, 0, 0, 0, 0, 0, 0, 45, 0, 0, 0, 0, 0, 0, 0, 0, 0, 0, 0, 0, 0, 0, 0, 0, 0, 44, 0, 0, 0, 0, 0, 0, 0, 0, 0, 0, 0, 0, 0, 0, 0, 0, 0, 0, 0, 0, 0, 0, 0, 0, 0, 0, 0, 0, 0, 0, 0, 0, 0, 0, 0, 0, 0, 0, 0, 0, 0, 0, 0, 0, 0, 0, 45, 0, 0, 0, 0, 0, 0, 0, 0, 0, 0, 0, 0, 0, 0, 0, 0, 0, 0, 0, 0, 0, 0, 0, 0, 0, 0, 0, 0, 0, 45, 0, 0, 0, 0, 0, 0, 0, 0, 0, 0, 0, 0, 0, 0, 0, 0, 0, 0, 0, 0, 0, 0, 0, 0, 0, 0, 0, 0, 0, 0, 0, 0, 0, 0, 0, 0, 0, 0, 0, 0, 0, 0, 0, 0, 0, 0, 44, 46, 46, 0, 0, 0, 0, 0, 0, 0, 0, 0, 0, 0, 0, 0, 0, 0, 0, 0, 0, 0, 0, 0, 0, 0, 0, 0, 0, 0, 0, 0, 46, 0, 0, 0, 0, 0, 0, 0, 0, 0, 0, 0, 0, 0, 0, 0, 0, 0, 0, 44, 44, 44, 0, 0, 0, 0, 0, 0, 0, 0, 46, 0, 0, 0, 0, 0, 0, 0, 0, 0, 0, 0, 0, 0, 0, 0, 0, 0, 0, 0, 0, 0, 0, 0, 0, 0, 0, 0, 0, 0, 46, 46, 46, 46, 46, 46, 0, 0, 0, 0, 0, 0, 0, 0, 0, 0, 0, 44, 0, 0, 0, 0, 0, 0, 44, 0, 0, 0, 0, 0, 0, 0, 0, 0, 0, 0, 45, 45, 0, 0, 0, 0, 0, 0, 0, 0, 0, 44, 0, 0, 0, 0, 0, 0, 44, 0, 0, 0, 0, 0, 0, 0, 0, 0, 0, 0, 0, 0, 0, 0, 0, 0, 0, 0, 0, 0, 0, 44, 0, 0, 44, 44, 0, 0, 44, 0, 0, 0, 0, 0, 0, 0, 0, 0, 0, 0, 0, 0, 0, 0, 0, 0, 0, 0, 0, 0, 0, 44, 0, 0, 0, 0, 0, 0, 44, 0, 0, 0, 0, 0, 0, 0, 0, 0, 0, 0, 0, 0, 0, 0, 0, 0, 0, 0, 0, 0, 0, 0, 0, 0, 0, 0, 0, 0, 44, 0, 0, 0, 0, 0, 0, 0, 0, 0, 0, 0, 0, 0, 0, 0, 0, 0, 0, 0, 0, 0, 0, 0, 0, 0, 0, 0, 0, 0, 0, 0, 0, 0, 0, 0, 0, 0, 0, 45, 45, 45, 49, 49, 49, 49, 49, 49, 44, 0, 0, 0, 0, 0, 0, 44, 44, 44, 44, 0, 0, 0, 0, 0, 0, 0, 0, 0, 0, 0, 0, 0, 0, 0, 0, 0, 0, 0, 0, 0, 0, 0, 0, 0, 0, 0, 0, 0, 0, 0, 0, 0, 0, 0, 0, 0, 0, 0, 0, 0, 0, 0, 0, 0, 0, 0, 0, 0, 0, 0, 0, 0, 0, 0, 0, 0, 0, 0, 0, 0, 0, 0, 0, 0, 0, 0, 0, 0, 0, 0, 0, 0, 0, 0, 0, 0, 0, 0, 0, 0, 0, 0, 0, 0, 0, 0, 0, 0, 0, 0, 0, 0, 0, 0, 0, 0, 0, 45, 45, 0, 0, 0, 0, 0, 0, 0, 0, 0, 0, 0, 0, 0, 44, 0, 0, 0, 0, 0, 0, 0, 0, 0, 0, 0, 0, 0, 0, 0, 0, 0, 0, 0, 0, 0, 0, 0, 0, 0, 0, 0, 0, 0, 49, 0, 0, 0, 0, 0, 0, 0, 0, 0, 0, 0, 0, 0, 0, 0, 0, 0, 0, 0, 0, 0, 0, 0, 0, 0, 0, 0, 0, 0, 49, 49, 49, 49, 0, 0, 0, 0, 45, 0, 0, 0, 0, 0, 0, 0, 0, 0, 0, 0, 0, 0, 0, 0, 0, 0, 0, 0, 0, 0, 0, 0, 0, 49, 0, 0, 0, 0, 45, 0, 0, 0, 0, 0, 0, 0, 0, 0, 0, 0, 0, 0, 0, 0, 0, 0, 0, 0, 0, 0, 0, 0, 0, 49, 0, 0, 0, 0, 45, 0, 0, 0, 0, 0, 0, 0, 0, 0, 0, 0, 0, 0, 0, 0, 0, 0, 0, 0, 0, 0, 0, 0, 0, 49, 0, 0, 0, 0, 0, 0, 0, 0, 0, 45, 0, 0, 0, 0, 0, 0, 0, 0, 0, 0, 0, 0, 0, 0, 0, 0, 0, 0, 0, 49, 0, 0, 0, 0, 0, 0, 0, 0, 0, 45, 0, 0, 0, 0, 0, 0, 0, 0, 0, 0, 0, 0, 0, 0, 0, 0, 0, 0, 0, 49, 0, 0, 0, 0, 0, 0, 0, 0, 0, 45, 0, 0, 0, 0, 0, 0],
         "height":30,
         "name":"Collision Layer",
         "opacity":1,
         "type":"tilelayer",
         "visible":true,
         "width":30,
         "x":0,
         "y":0
        }, 
        {
         "data":[60, 59, 0, 0, 0, 58, 0, 60, 0, 58, 0, 0, 60, 0, 60, 58, 0, 0, 0, 0, 0, 0, 0, 0, 0, 0, 0, 0, 0, 0, 60, 59, 0, 60, 0, 0, 0, 0, 0, 0, 0, 0, 0, 0, 58, 0, 0, 0, 0, 0, 0, 58, 0, 0, 0, 58, 0, 0, 0, 0, 0, 0, 58, 60, 0, 0, 0, 0, 0, 0, 0, 0, 0, 0, 0, 60, 0, 0, 0, 0, 0, 0, 0, 0, 0, 0, 0, 0, 0, 0, 0, 0, 0, 60, 0, 0, 0, 0, 0, 0, 0, 0, 0, 0, 0, 60, 0, 0, 0, 0, 0, 0, 0, 59, 0, 0, 0, 0, 0, 0, 0, 0, 0, 0, 0, 0, 0, 0, 0, 0, 0, 0, 0, 0, 0, 0, 0, 0, 0, 0, 0, 0, 0, 0, 0, 0, 0, 0, 59, 0, 0, 0, 0, 60, 0, 0, 0, 0, 0, 0, 0, 0, 0, 0, 0, 0, 0, 0, 0, 0, 0, 0, 0, 0, 0, 0, 0, 0, 0, 0, 59, 0, 0, 0, 0, 0, 0, 60, 0, 0, 0, 0, 0, 0, 0, 0, 0, 0, 0, 0, 0, 0, 0, 0, 0, 0, 58, 0, 0, 0, 0, 0, 60, 0, 0, 0, 0, 60, 0, 0, 0, 0, 0, 0, 0, 0, 0, 0, 0, 0, 0, 0, 0, 0, 0, 0, 58, 0, 0, 0, 60, 0, 0, 0, 0, 0, 0, 0, 0, 0, 0, 0, 0, 0, 0, 0, 0, 0, 0, 0, 0, 0, 0, 0, 0, 0, 0, 0, 0, 0, 0, 0, 0, 0, 60, 0, 0, 0, 0, 0, 0, 0, 0, 0, 0, 0, 0, 0, 0, 0, 0, 0, 0, 0, 0, 0, 0, 0, 0, 0, 59, 0, 0, 0, 0, 0, 0, 0, 0, 0, 0, 0, 0, 0, 0, 0, 0, 0, 0, 0, 0, 0, 0, 0, 0, 0, 0, 0, 0, 0, 60, 0, 0, 0, 0, 0, 0, 0, 0, 0, 0, 0, 0, 0, 0, 0, 0, 0, 0, 0, 0, 0, 0, 0, 0, 0, 0, 0, 0, 0, 0, 60, 0, 0, 0, 0, 0, 0, 0, 0, 0, 0, 0, 0, 0, 0, 0, 0, 0, 0, 0, 0, 0, 0, 60, 0, 0, 0, 0, 0, 0, 0, 0, 60, 0, 0, 0, 0, 0, 0, 0, 0, 0, 0, 0, 0, 0, 0, 0, 0, 0, 0, 0, 0, 0, 58, 59, 58, 0, 60, 0, 59, 59, 0, 0, 0, 0, 0, 0, 0, 0, 0, 0, 0, 0, 0, 0, 0, 0, 0, 0, 0, 0, 0, 0, 0, 0, 60, 58, 0, 60, 0, 60, 58, 0, 0, 0, 0, 0, 0, 0, 0, 0, 0, 0, 0, 0, 0, 0, 0, 0, 0, 0, 0, 0, 60, 59, 0, 0, 0, 58, 58, 0, 0, 60, 0, 0, 0, 0, 0, 0, 0, 0, 0, 0, 0, 0, 0, 0, 0, 0, 0, 0, 0, 0, 60, 0, 0, 0, 0, 0, 0, 0, 0, 0, 0, 0, 0, 0, 0, 0, 0, 0, 0, 0, 0, 0, 0, 0, 0, 0, 0, 0, 0, 0, 0, 0, 0, 0, 0, 0, 0, 0, 0, 0, 0, 0, 0, 0, 0, 0, 0, 0, 0, 0, 0, 0, 0, 0, 0, 0, 0, 0, 0, 0, 58, 60, 0, 0, 0, 0, 0, 0, 0, 0, 0, 0, 0, 0, 0, 0, 0, 0, 0, 0, 0, 0, 0, 0, 0, 0, 0, 0, 0, 0, 58, 0, 0, 58, 0, 0, 59, 0, 0, 0, 0, 0, 0, 0, 0, 0, 0, 0, 0, 0, 0, 0, 0, 0, 0, 0, 0, 0, 0, 0, 0, 0, 0, 0, 0, 0, 0, 0, 0, 0, 0, 0, 0, 0, 0, 0, 0, 0, 0, 0, 0, 0, 0, 0, 0, 0, 0, 60, 0, 0, 0, 0, 0, 60, 0, 0, 0, 0, 58, 0, 0, 0, 0, 0, 0, 0, 0, 0, 0, 0, 0, 0, 0, 0, 0, 0, 0, 0, 58, 0, 0, 0, 60, 59, 0, 0, 0, 0, 0, 0, 0, 0, 0, 0, 0, 0, 0, 0, 0, 59, 59, 0, 0, 0, 0, 0, 0, 0, 0, 0, 58, 58, 0, 59, 0, 0, 0, 0, 0, 59, 0, 0, 0, 0, 0, 0, 0, 0, 0, 0, 0, 60, 0, 0, 0, 0, 0, 60, 0, 60, 0, 0, 58, 59, 0, 0, 0, 0, 58, 0, 0, 0, 58, 0, 0, 0, 0, 0, 0, 60, 58, 58, 0, 0, 0, 60, 0, 0, 0, 0, 59, 0, 60, 0, 59, 59, 59, 0, 0, 0, 0, 0, 0, 0, 0, 0, 0, 0, 0, 0, 0, 59, 0, 0, 0, 60, 58, 0, 0, 58, 0, 58, 0, 60, 0, 0, 0, 0, 0, 59, 0, 0, 0, 0, 0, 0, 0, 0, 0, 60, 58, 0, 0, 60, 58, 0, 0, 0, 0, 0, 58, 60, 0, 58, 0, 0, 0, 0, 0, 0, 0, 0, 0, 0, 0, 0, 0, 0, 0, 0, 59, 60, 58, 0, 0, 59, 60, 0, 0, 0, 60, 0, 58, 0, 0, 0, 0, 0, 0, 0, 0, 0, 0, 0, 0, 0, 0, 0, 0, 0, 0, 0, 0, 0, 60, 0, 0, 0, 0, 0, 0, 0, 0, 0, 60],
         "height":30,
         "name":"Foliage Layer",
         "opacity":1,
         "type":"tilelayer",
         "visible":true,
         "width":30,
         "x":0,
         "y":0
        }],
 "nextobjectid":1,
 "orientation":"isometric",
 "renderorder":"right-down",
 "tileheight":50,
 "tilesets":[
        {
         "columns":0,
         "firstgid":1,
         "margin":0,
         "name":"ground_tiles",
         "spacing":0,
         "tilecount":26,
         "tileheight":65,
         "tiles":
            {
             "0":
                {
                 "image":"..\/tiles\/beach.png"
                },
             "1":
                {
                 "image":"..\/tiles\/dirt.png"
                },
             "10":
                {
                 "image":"..\/tiles\/beachE.png"
                },
             "11":
                {
                 "image":"..\/tiles\/beachES.png"
                },
             "12":
                {
                 "image":"..\/tiles\/beachN.png"
                },
             "13":
                {
                 "image":"..\/tiles\/beachNE.png"
                },
             "14":
                {
                 "image":"..\/tiles\/beachNW.png"
                },
             "15":
                {
                 "image":"..\/tiles\/beachS.png"
                },
             "16":
                {
                 "image":"..\/tiles\/beachSW.png"
                },
             "17":
                {
                 "image":"..\/tiles\/beachW.png"
                },
             "18":
                {
                 "image":"..\/tiles\/riverBankedES.png"
                },
             "19":
                {
                 "image":"..\/tiles\/riverBankedEW.png"
                },
             "2":
                {
                 "image":"..\/tiles\/dirtDouble.png"
                },
             "3":
                {
                 "image":"..\/tiles\/grass.png"
                },
             "36":
                {
                 "image":"..\/tiles\/riverES.png"
                },
             "37":
                {
                 "image":"..\/tiles\/riverEW.png"
                },
             "38":
                {
                 "image":"..\/tiles\/riverNE.png"
                },
             "39":
                {
                 "image":"..\/tiles\/riverNS.png"
                },
             "4":
                {
                 "image":"..\/tiles\/water.png"
                },
             "40":
                {
                 "image":"..\/tiles\/riverNW.png"
                },
             "41":
                {
                 "image":"..\/tiles\/riverSW.png"
                },
             "5":
                {
                 "image":"..\/tiles\/beach.png"
                },
             "6":
                {
                 "image":"..\/tiles\/beachCornerES.png"
                },
             "7":
                {
                 "image":"..\/tiles\/beachCornerNE.png"
                },
             "8":
                {
                 "image":"..\/tiles\/beachCornerNW.png"
                },
             "9":
                {
                 "image":"..\/tiles\/beachCornerSW.png"
                }
            },
         "tilewidth":100
        }, 
        {
         "columns":0,
         "firstgid":43,
         "margin":0,
         "name":"Collision Layer",
         "spacing":0,
         "tilecount":8,
         "tileheight":200,
         "tiles":
            {
             "1":
                {
                 "image":"..\/tiles\/buildingTiles_007.png"
                },
             "2":
                {
                 "image":"..\/tiles\/buildingTiles_008.png"
                },
             "3":
                {
                 "image":"..\/tiles\/buildingTiles_043.png"
                },
             "4":
                {
                 "image":"..\/tiles\/buildingTiles_045.png"
                },
             "5":
                {
                 "image":"..\/tiles\/buildingTiles_047.png"
                },
             "6":
                {
                 "image":"..\/tiles\/buildingTiles_049.png"
                },
             "7":
                {
                 "image":"..\/tiles\/buildingTiles_016.png"
                },
             "8":
                {
                 "image":"..\/tiles\/bigtree.png"
                }
            },
         "tilewidth":100
        }, 
        {
         "columns":0,
         "firstgid":52,
         "margin":0,
         "name":"foliage",
         "spacing":0,
         "tilecount":3,
         "tileheight":104,
         "tiles":
            {
             "6":
                {
                 "image":"..\/tiles\/weed06.png"
                },
             "7":
                {
                 "image":"..\/tiles\/grasses01.png"
                },
             "8":
                {
                 "image":"..\/tiles\/Wild-Grass-Sprite.png"
                }
            },
         "tilewidth":100
        }],
 "tilewidth":100,
 "version":1,
 "width":30
}