{ "height":30,
 "layers":[
        {
         "data":[5, 5, 5, 6, 6, 17, 4, 4, 4, 4, 4, 4, 4, 4, 4, 4, 4, 4, 4, 4, 4, 21, 5, 5, 5, 5, 5, 5, 5, 7, 6, 6, 6, 5, 5, 18, 4, 4, 4, 4, 4, 4, 4, 4, 4, 4, 4, 4, 4, 4, 4, 21, 5, 7, 7, 5, 5, 5, 5, 5, 6, 5, 6, 6, 5, 5, 18, 4, 4, 4, 4, 3, 3, 3, 3, 4, 4, 4, 4, 4, 4, 4, 21, 5, 7, 5, 5, 7, 7, 5, 5, 5, 6, 5, 5, 6, 6, 18, 17, 4, 4, 3, 3, 3, 3, 4, 4, 4, 4, 4, 4, 4, 21, 5, 5, 5, 5, 5, 7, 5, 19, 19, 5, 6, 6, 5, 5, 6, 17, 17, 4, 4, 3, 3, 3, 4, 4, 4, 4, 4, 4, 4, 21, 5, 7, 5, 5, 5, 5, 5, 4, 15, 5, 5, 6, 6, 6, 6, 5, 18, 17, 4, 4, 4, 3, 4, 4, 4, 4, 4, 4, 4, 4, 15, 5, 5, 5, 5, 5, 5, 4, 4, 19, 5, 5, 6, 5, 5, 5, 6, 17, 4, 4, 4, 3, 4, 4, 4, 4, 4, 4, 4, 4, 4, 15, 5, 5, 5, 7, 7, 4, 4, 15, 19, 5, 5, 6, 6, 5, 5, 6, 17, 4, 4, 4, 4, 4, 4, 4, 4, 4, 4, 4, 4, 4, 4, 5, 5, 5, 5, 4, 4, 4, 4, 19, 5, 5, 5, 6, 5, 5, 18, 4, 4, 4, 4, 4, 4, 4, 4, 4, 3, 3, 4, 4, 4, 19, 19, 15, 5, 4, 4, 4, 4, 4, 19, 5, 6, 6, 5, 5, 18, 4, 4, 4, 4, 4, 4, 4, 4, 3, 3, 3, 3, 4, 4, 4, 4, 4, 15, 4, 4, 4, 3, 4, 4, 19, 5, 6, 5, 5, 18, 4, 4, 4, 4, 4, 4, 4, 4, 3, 4, 4, 3, 3, 4, 4, 4, 4, 4, 4, 4, 3, 3, 4, 4, 15, 19, 19, 19, 5, 18, 4, 4, 4, 4, 4, 4, 3, 3, 3, 4, 4, 3, 3, 3, 3, 4, 4, 4, 4, 3, 3, 3, 3, 4, 4, 4, 4, 4, 15, 18, 4, 4, 3, 3, 4, 4, 3, 3, 3, 4, 3, 3, 3, 3, 4, 4, 4, 4, 4, 4, 3, 3, 3, 4, 4, 4, 4, 4, 4, 4, 4, 3, 3, 3, 4, 4, 4, 3, 3, 4, 4, 4, 4, 4, 4, 4, 4, 4, 4, 4, 4, 3, 3, 4, 4, 4, 4, 4, 4, 3, 3, 3, 3, 3, 3, 4, 4, 4, 3, 4, 4, 4, 4, 4, 4, 4, 4, 4, 4, 4, 4, 4, 4, 4, 4, 4, 4, 4, 4, 3, 3, 3, 3, 3, 4, 4, 4, 4, 4, 4, 4, 4, 4, 4, 4, 4, 4, 4, 4, 4, 4, 4, 4, 4, 4, 4, 4, 4, 4, 4, 4, 3, 3, 3, 4, 4, 4, 4, 4, 4, 4, 4, 4, 4, 4, 4, 4, 4, 4, 4, 4, 4, 4, 4, 4, 4, 4, 4, 3, 4, 4, 3, 3, 4, 4, 15, 10, 10, 10, 10, 15, 4, 4, 4, 4, 4, 4, 4, 4, 4, 4, 4, 4, 4, 4, 4, 4, 3, 3, 3, 4, 4, 4, 4, 4, 7, 5, 6, 6, 5, 15, 4, 4, 4, 4, 4, 4, 4, 4, 0, 4, 4, 4, 4, 4, 4, 4, 3, 3, 3, 4, 3, 4, 4, 4, 7, 5, 5, 5, 5, 5, 10, 10, 15, 4, 4, 4, 4, 4, 4, 4, 4, 4, 4, 4, 4, 4, 4, 3, 3, 3, 4, 4, 4, 4, 15, 7, 5, 5, 6, 5, 5, 5, 10, 15, 4, 4, 4, 10, 10, 14, 4, 4, 4, 4, 4, 4, 4, 4, 4, 3, 4, 4, 4, 4, 4, 7, 5, 5, 6, 5, 6, 6, 6, 10, 15, 4, 4, 5, 5, 10, 10, 4, 4, 3, 3, 3, 4, 3, 4, 4, 4, 4, 4, 4, 4, 7, 5, 5, 6, 6, 5, 5, 5, 5, 10, 15, 4, 13, 7, 5, 18, 14, 4, 4, 3, 3, 4, 4, 4, 4, 4, 4, 4, 4, 4, 15, 15, 5, 6, 5, 5, 5, 6, 5, 5, 15, 4, 5, 7, 5, 6, 7, 5, 4, 3, 4, 4, 4, 4, 4, 4, 4, 4, 4, 4, 4, 15, 7, 5, 5, 5, 6, 6, 5, 5, 10, 15, 7, 6, 7, 13, 5, 5, 4, 4, 4, 4, 4, 4, 4, 4, 4, 3, 3, 3, 3, 4, 15, 7, 5, 5, 6, 6, 5, 5, 5, 10, 5, 6, 6, 6, 5, 18, 4, 4, 4, 4, 4, 4, 4, 4, 4, 3, 3, 3, 3, 4, 4, 15, 7, 5, 5, 6, 6, 5, 5, 5, 5, 5, 6, 6, 5, 4, 10, 14, 4, 4, 4, 4, 4, 4, 4, 3, 3, 3, 4, 4, 4, 4, 15, 7, 5, 5, 6, 6, 6, 5, 7, 6, 6, 6, 6, 7, 5, 10, 14, 4, 4, 4, 4, 4, 4, 4, 3, 3, 4, 4, 4, 4, 4, 15, 7, 5, 5, 5, 6, 5, 5, 7, 5, 6, 5, 7, 13, 5, 10, 4, 4, 4, 4, 4, 4, 4, 4, 4, 4, 4, 4, 4, 4, 4, 15, 7, 5, 5, 5, 5],
         "height":30,
         "name":"Ground Layer",
         "opacity":1,
         "type":"tilelayer",
         "visible":true,
         "width":30,
         "x":0,
         "y":0
        }, 
        {
         "data":[0, 0, 0, 0, 0, 0, 0, 0, 0, 0, 63, 0, 0, 0, 0, 0, 0, 0, 0, 42, 0, 0, 0, 0, 0, 0, 0, 0, 0, 0, 0, 0, 0, 0, 0, 0, 0, 0, 0, 0, 62, 0, 0, 0, 0, 0, 0, 0, 0, 42, 0, 0, 0, 0, 0, 0, 0, 0, 0, 0, 0, 0, 0, 0, 0, 0, 0, 0, 0, 0, 0, 0, 0, 0, 0, 0, 82, 0, 0, 38, 0, 0, 0, 0, 0, 0, 0, 0, 0, 0, 0, 0, 0, 0, 0, 0, 0, 0, 0, 0, 0, 0, 0, 82, 0, 0, 0, 0, 0, 0, 38, 0, 0, 0, 0, 0, 0, 0, 0, 0, 0, 0, 0, 0, 0, 0, 0, 0, 0, 0, 0, 0, 0, 0, 0, 0, 0, 0, 0, 0, 42, 0, 0, 0, 0, 0, 0, 0, 0, 0, 0, 0, 0, 0, 0, 36, 36, 0, 0, 0, 0, 0, 0, 0, 0, 0, 0, 0, 0, 0, 38, 0, 0, 0, 0, 0, 0, 0, 0, 0, 0, 0, 0, 0, 0, 38, 35, 0, 0, 0, 0, 0, 0, 0, 0, 0, 0, 0, 0, 0, 0, 38, 0, 0, 0, 0, 0, 0, 0, 0, 0, 0, 0, 0, 0, 0, 0, 0, 0, 0, 0, 0, 0, 0, 0, 0, 0, 0, 76, 0, 0, 0, 36, 0, 0, 0, 0, 0, 0, 0, 0, 0, 0, 0, 0, 0, 0, 0, 0, 0, 0, 0, 0, 0, 0, 0, 0, 0, 0, 0, 0, 0, 0, 0, 0, 0, 0, 0, 0, 0, 61, 0, 0, 0, 0, 0, 0, 0, 0, 0, 0, 0, 0, 0, 76, 0, 0, 0, 0, 0, 0, 0, 0, 0, 0, 36, 0, 0, 0, 0, 57, 56, 57, 0, 0, 0, 0, 0, 0, 0, 0, 0, 0, 0, 0, 0, 0, 0, 0, 0, 0, 0, 0, 0, 0, 0, 35, 36, 35, 0, 0, 0, 0, 0, 0, 0, 0, 0, 0, 0, 0, 35, 0, 0, 0, 0, 0, 0, 0, 0, 0, 0, 0, 0, 0, 0, 0, 0, 0, 36, 0, 0, 0, 0, 0, 0, 0, 0, 0, 0, 0, 0, 41, 0, 0, 0, 0, 0, 41, 0, 0, 0, 0, 0, 0, 0, 0, 0, 0, 0, 0, 0, 0, 0, 0, 0, 0, 0, 0, 0, 0, 0, 0, 0, 0, 0, 0, 0, 0, 0, 0, 0, 0, 0, 0, 0, 0, 0, 0, 0, 0, 0, 76, 0, 0, 76, 0, 0, 82, 0, 0, 0, 0, 0, 0, 0, 0, 0, 0, 0, 0, 0, 0, 76, 0, 0, 0, 0, 0, 0, 0, 0, 0, 0, 0, 0, 0, 0, 0, 0, 0, 0, 0, 0, 0, 44, 37, 0, 0, 0, 0, 0, 0, 0, 0, 0, 0, 0, 0, 76, 0, 0, 0, 0, 0, 0, 0, 0, 0, 0, 0, 0, 0, 0, 0, 36, 35, 0, 0, 0, 0, 0, 0, 0, 0, 0, 0, 0, 0, 0, 0, 0, 0, 0, 76, 0, 0, 0, 0, 0, 0, 36, 41, 0, 0, 0, 0, 0, 0, 0, 0, 0, 0, 0, 82, 0, 0, 0, 0, 0, 0, 0, 0, 0, 0, 0, 0, 0, 0, 0, 0, 0, 37, 0, 0, 0, 0, 0, 0, 0, 0, 0, 0, 0, 0, 0, 0, 0, 0, 0, 43, 43, 43, 43, 41, 0, 0, 0, 0, 0, 0, 0, 0, 0, 0, 0, 0, 0, 0, 41, 0, 0, 0, 0, 0, 0, 0, 0, 0, 0, 0, 0, 0, 0, 35, 0, 0, 0, 0, 0, 0, 0, 0, 0, 0, 0, 0, 0, 0, 0, 36, 0, 0, 0, 0, 0, 0, 0, 61, 0, 0, 0, 0, 0, 0, 37, 0, 0, 0, 0, 0, 0, 0, 0, 0, 0, 0, 0, 0, 0, 0, 0, 0, 0, 0, 0, 0, 59, 57, 57, 0, 0, 0, 0, 0, 35, 0, 0, 0, 0, 0, 0, 0, 0, 0, 0, 0, 0, 0, 0, 0, 0, 0, 0, 0, 0, 0, 0, 0, 0, 0, 0, 0, 0, 0, 0, 0, 0, 0, 0, 0, 0, 0, 0, 0, 0, 0, 0, 0, 0, 0, 0, 0, 0, 0, 0, 0, 0, 0, 0, 0, 0, 0, 0, 0, 0, 0, 0, 0, 0, 0, 0, 82, 0, 0, 76, 0, 0, 0, 0, 0, 0, 0, 0, 37, 0, 0, 0, 0, 0, 0, 0, 0, 0, 0, 0, 0, 35, 43, 0, 0, 0, 0, 0, 0, 0, 0, 0, 0, 0, 0, 0, 0, 0, 36, 0, 0, 0, 0, 0, 0, 0, 0, 0, 0, 0, 0, 0, 0, 37, 0, 0, 0, 0, 0, 0, 0, 0, 0, 0, 0, 0, 0, 0, 0, 0, 0, 0, 0, 0, 0, 0, 0, 0, 0, 0, 0, 0, 0, 35, 0, 0, 0, 0, 0, 0, 0, 0, 0, 0, 0, 0, 0, 0, 0, 0, 0, 0, 0, 0, 0, 0, 0, 0, 0, 0, 0, 0, 0, 0, 37, 0, 0, 76, 0, 0, 0, 76, 0, 0, 0, 58, 0, 0, 0, 0, 0, 0, 0, 0, 0, 0, 0, 0, 0, 0, 0, 0, 0, 0, 35, 0, 0, 0, 0, 0, 0, 0, 0, 0, 0, 58, 0, 0, 0, 0, 0, 0, 0, 0],
         "height":30,
         "name":"Collision Layer",
         "opacity":1,
         "type":"tilelayer",
         "visible":true,
         "width":30,
         "x":0,
         "y":0
        }, 
        {
         "data":[0, 0, 0, 0, 0, 0, 0, 0, 0, 0, 0, 0, 0, 0, 0, 0, 0, 0, 0, 0, 0, 0, 0, 0, 0, 0, 0, 0, 0, 0, 0, 0, 0, 0, 0, 0, 0, 0, 0, 0, 0, 0, 0, 0, 0, 0, 0, 0, 0, 0, 0, 0, 0, 0, 0, 0, 0, 0, 0, 0, 0, 0, 0, 0, 0, 0, 0, 0, 0, 0, 0, 0, 0, 0, 0, 0, 0, 0, 0, 0, 0, 0, 0, 0, 0, 0, 0, 0, 0, 0, 0, 0, 0, 0, 0, 0, 0, 0, 0, 0, 0, 0, 0, 0, 0, 0, 0, 0, 0, 0, 0, 0, 0, 0, 0, 0, 0, 0, 0, 0, 0, 0, 0, 0, 0, 0, 0, 0, 0, 0, 0, 74, 0, 0, 0, 78, 0, 80, 0, 0, 0, 0, 0, 0, 0, 0, 0, 0, 0, 0, 0, 74, 0, 0, 0, 0, 0, 0, 0, 0, 0, 0, 0, 0, 0, 0, 0, 0, 0, 0, 0, 0, 0, 0, 0, 0, 0, 0, 0, 0, 0, 0, 0, 0, 0, 0, 0, 0, 0, 0, 0, 0, 0, 0, 80, 0, 0, 0, 0, 0, 0, 0, 0, 0, 0, 0, 0, 0, 0, 0, 0, 0, 0, 0, 0, 0, 0, 0, 0, 0, 0, 0, 0, 0, 0, 0, 0, 0, 0, 0, 0, 0, 0, 0, 0, 0, 0, 0, 0, 0, 0, 0, 0, 0, 0, 0, 0, 0, 0, 0, 0, 0, 0, 0, 0, 0, 0, 79, 0, 0, 0, 0, 0, 0, 0, 0, 0, 0, 0, 0, 0, 0, 0, 0, 0, 0, 0, 0, 0, 0, 0, 0, 0, 0, 0, 0, 0, 0, 0, 0, 0, 0, 0, 0, 0, 0, 0, 0, 0, 0, 0, 0, 0, 0, 0, 0, 0, 0, 0, 0, 0, 0, 0, 0, 0, 0, 0, 0, 0, 0, 0, 0, 0, 0, 0, 0, 0, 0, 0, 0, 0, 0, 0, 0, 0, 0, 0, 0, 0, 0, 0, 0, 0, 0, 0, 0, 0, 0, 0, 0, 0, 0, 0, 0, 0, 0, 0, 0, 0, 0, 0, 0, 0, 0, 78, 0, 0, 0, 0, 0, 0, 0, 0, 0, 0, 0, 0, 0, 0, 0, 0, 0, 0, 0, 0, 0, 0, 0, 0, 0, 0, 0, 0, 0, 0, 0, 0, 0, 0, 0, 0, 0, 0, 0, 0, 0, 0, 0, 0, 0, 0, 0, 0, 0, 0, 0, 79, 0, 78, 0, 0, 0, 0, 0, 0, 0, 0, 0, 0, 0, 0, 0, 0, 0, 0, 0, 0, 0, 0, 0, 0, 0, 0, 0, 0, 0, 0, 0, 0, 0, 77, 0, 0, 0, 0, 0, 0, 0, 0, 0, 0, 0, 0, 0, 0, 0, 0, 0, 0, 0, 0, 0, 0, 0, 0, 0, 0, 0, 0, 0, 0, 0, 80, 0, 0, 0, 0, 0, 0, 0, 0, 0, 0, 0, 0, 0, 0, 0, 0, 0, 0, 0, 80, 0, 0, 77, 0, 0, 80, 0, 0, 0, 0, 0, 0, 0, 0, 79, 0, 0, 0, 0, 0, 0, 0, 0, 0, 0, 0, 0, 0, 0, 0, 0, 0, 0, 0, 0, 0, 0, 0, 0, 0, 0, 0, 0, 0, 0, 0, 0, 0, 0, 0, 0, 0, 0, 0, 0, 0, 0, 0, 0, 0, 0, 0, 0, 0, 0, 0, 0, 0, 0, 0, 0, 0, 0, 0, 0, 0, 0, 0, 0, 0, 0, 0, 0, 0, 0, 0, 0, 0, 0, 0, 0, 0, 0, 0, 0, 0, 0, 0, 0, 0, 0, 0, 0, 0, 0, 0, 0, 0, 0, 0, 0, 0, 0, 0, 0, 0, 0, 0, 0, 0, 0, 0, 0, 0, 0, 0, 0, 0, 0, 0, 0, 0, 0, 0, 0, 0, 0, 0, 0, 0, 0, 0, 78, 0, 0, 0, 0, 0, 0, 0, 0, 0, 0, 0, 0, 0, 0, 0, 0, 0, 0, 0, 0, 0, 0, 0, 0, 0, 0, 0, 0, 0, 0, 0, 0, 0, 0, 0, 0, 0, 0, 0, 0, 0, 0, 0, 0, 0, 0, 0, 0, 0, 0, 0, 0, 0, 0, 0, 0, 0, 0, 0, 0, 0, 0, 0, 0, 0, 0, 0, 0, 0, 0, 0, 0, 0, 0, 0, 0, 0, 0, 0, 0, 0, 0, 0, 0, 0, 0, 0, 0, 0, 0, 0, 0, 0, 0, 0, 0, 0, 0, 0, 0, 0, 0, 0, 0, 0, 0, 0, 0, 0, 0, 0, 0, 0, 0, 0, 0, 0, 0, 0, 0, 0, 0, 0, 0, 0, 0, 0, 0, 0, 0, 0, 0, 0, 0, 0, 0, 0, 0, 0, 0, 0, 0, 0, 0, 0, 0, 0, 79, 0, 0, 80, 0, 0, 0, 0, 0, 0, 0, 0, 0, 0, 0, 74, 0, 0, 0, 0, 0, 0, 0, 0, 0, 0, 0, 0, 0, 0, 0, 0, 0, 0, 0, 0, 0, 0, 0, 0, 0, 0, 0, 0, 0, 0, 0, 0, 0, 0, 0, 0, 0, 0, 0, 0, 0, 0, 0, 0, 0, 0, 77, 0, 0, 0, 0, 0, 0, 0, 0, 0, 0, 0, 0, 0, 0, 0, 0, 0, 0, 0, 0, 0, 0, 0, 0, 0, 0, 0, 0, 0, 0, 0, 0, 0, 0, 0, 0, 0, 0, 0, 0, 0, 0, 0, 0],
         "height":30,
         "name":"Foliage Layer",
         "opacity":1,
         "type":"tilelayer",
         "visible":true,
         "width":30,
         "x":0,
         "y":0
        }],
 "nextobjectid":1,
 "orientation":"isometric",
 "renderorder":"right-down",
 "tileheight":48,
 "tilesets":[
        {
         "columns":0,
         "firstgid":1,
         "margin":0,
         "name":"Tiles",
         "spacing":0,
         "tilecount":86,
         "tileheight":288,
         "tiles":
            {
             "0":
                {
                 "image":"..\/..\/..\/..\/Users\/vsven\/Desktop\/resized\/bigtrees_39.png"
                },
             "1":
                {
                 "image":"..\/..\/..\/..\/Users\/vsven\/Desktop\/resized\/bigtrees_40.png"
                },
             "10":
                {
                 "image":"..\/..\/..\/..\/Users\/vsven\/Desktop\/resized\/final_sprite_008.png"
                },
             "11":
                {
                 "image":"..\/..\/..\/..\/Users\/vsven\/Desktop\/resized\/final_sprite_009.png"
                },
             "12":
                {
                 "image":"..\/..\/..\/..\/Users\/vsven\/Desktop\/resized\/final_sprite_010.png"
                },
             "13":
                {
                 "image":"..\/..\/..\/..\/Users\/vsven\/Desktop\/resized\/final_sprite_011.png"
                },
             "14":
                {
                 "image":"..\/..\/..\/..\/Users\/vsven\/Desktop\/resized\/final_sprite_012.png"
                },
             "15":
                {
                 "image":"..\/..\/..\/..\/Users\/vsven\/Desktop\/resized\/final_sprite_013.png"
                },
             "16":
                {
                 "image":"..\/..\/..\/..\/Users\/vsven\/Desktop\/resized\/final_sprite_014.png"
                },
             "17":
                {
                 "image":"..\/..\/..\/..\/Users\/vsven\/Desktop\/resized\/final_sprite_015.png"
                },
             "18":
                {
                 "image":"..\/..\/..\/..\/Users\/vsven\/Desktop\/resized\/final_sprite_016.png"
                },
             "19":
                {
                 "image":"..\/..\/..\/..\/Users\/vsven\/Desktop\/resized\/final_sprite_017.png"
                },
             "2":
                {
                 "image":"..\/..\/..\/..\/Users\/vsven\/Desktop\/resized\/final_sprite_000.png"
                },
             "20":
                {
                 "image":"..\/..\/..\/..\/Users\/vsven\/Desktop\/resized\/final_sprite_018.png"
                },
             "21":
                {
                 "image":"..\/..\/..\/..\/Users\/vsven\/Desktop\/resized\/final_sprite_019.png"
                },
             "22":
                {
                 "image":"..\/..\/..\/..\/Users\/vsven\/Desktop\/resized\/final_sprite_020.png"
                },
             "23":
                {
                 "image":"..\/..\/..\/..\/Users\/vsven\/Desktop\/resized\/final_sprite_021.png"
                },
             "24":
                {
                 "image":"..\/..\/..\/..\/Users\/vsven\/Desktop\/resized\/final_sprite_022.png"
                },
             "25":
                {
                 "image":"..\/..\/..\/..\/Users\/vsven\/Desktop\/resized\/final_sprite_023.png"
                },
             "26":
                {
                 "image":"..\/..\/..\/..\/Users\/vsven\/Desktop\/resized\/final_sprite_024.png"
                },
             "27":
                {
                 "image":"..\/..\/..\/..\/Users\/vsven\/Desktop\/resized\/final_sprite_025.png"
                },
             "28":
                {
                 "image":"..\/..\/..\/..\/Users\/vsven\/Desktop\/resized\/final_sprite_026.png"
                },
             "29":
                {
                 "image":"..\/..\/..\/..\/Users\/vsven\/Desktop\/resized\/final_sprite_027.png"
                },
             "3":
                {
                 "image":"..\/..\/..\/..\/Users\/vsven\/Desktop\/resized\/final_sprite_001.png"
                },
             "30":
                {
                 "image":"..\/..\/..\/..\/Users\/vsven\/Desktop\/resized\/final_sprite_028.png"
                },
             "31":
                {
                 "image":"..\/..\/..\/..\/Users\/vsven\/Desktop\/resized\/final_sprite_029.png"
                },
             "32":
                {
                 "image":"..\/..\/..\/..\/Users\/vsven\/Desktop\/resized\/final_sprite_030.png"
                },
             "33":
                {
                 "image":"..\/..\/..\/..\/Users\/vsven\/Desktop\/resized\/final_sprite_031.png"
                },
             "34":
                {
                 "image":"..\/..\/..\/..\/Users\/vsven\/Desktop\/resized\/final_sprite_032.png"
                },
             "35":
                {
                 "image":"..\/..\/..\/..\/Users\/vsven\/Desktop\/resized\/final_sprite_033.png"
                },
             "36":
                {
                 "image":"..\/..\/..\/..\/Users\/vsven\/Desktop\/resized\/final_sprite_034.png"
                },
             "37":
                {
                 "image":"..\/..\/..\/..\/Users\/vsven\/Desktop\/resized\/final_sprite_035.png"
                },
             "38":
                {
                 "image":"..\/..\/..\/..\/Users\/vsven\/Desktop\/resized\/final_sprite_036.png"
                },
             "39":
                {
                 "image":"..\/..\/..\/..\/Users\/vsven\/Desktop\/resized\/final_sprite_037.png"
                },
             "4":
                {
                 "image":"..\/..\/..\/..\/Users\/vsven\/Desktop\/resized\/final_sprite_002.png"
                },
             "40":
                {
                 "image":"..\/..\/..\/..\/Users\/vsven\/Desktop\/resized\/final_sprite_038.png"
                },
             "41":
                {
                 "image":"..\/..\/..\/..\/Users\/vsven\/Desktop\/resized\/final_sprite_039.png"
                },
             "42":
                {
                 "image":"..\/..\/..\/..\/Users\/vsven\/Desktop\/resized\/final_sprite_040.png"
                },
             "43":
                {
                 "image":"..\/..\/..\/..\/Users\/vsven\/Desktop\/resized\/final_sprite_041.png"
                },
             "44":
                {
                 "image":"..\/..\/..\/..\/Users\/vsven\/Desktop\/resized\/final_sprite_042.png"
                },
             "45":
                {
                 "image":"..\/..\/..\/..\/Users\/vsven\/Desktop\/resized\/final_sprite_043.png"
                },
             "46":
                {
                 "image":"..\/..\/..\/..\/Users\/vsven\/Desktop\/resized\/final_sprite_044.png"
                },
             "47":
                {
                 "image":"..\/..\/..\/..\/Users\/vsven\/Desktop\/resized\/final_sprite_045.png"
                },
             "48":
                {
                 "image":"..\/..\/..\/..\/Users\/vsven\/Desktop\/resized\/final_sprite_046.png"
                },
             "49":
                {
                 "image":"..\/..\/..\/..\/Users\/vsven\/Desktop\/resized\/final_sprite_047.png"
                },
             "5":
                {
                 "image":"..\/..\/..\/..\/Users\/vsven\/Desktop\/resized\/final_sprite_003.png"
                },
             "50":
                {
                 "image":"..\/..\/..\/..\/Users\/vsven\/Desktop\/resized\/final_sprite_048.png"
                },
             "51":
                {
                 "image":"..\/..\/..\/..\/Users\/vsven\/Desktop\/resized\/final_sprite_049.png"
                },
             "52":
                {
                 "image":"..\/..\/..\/..\/Users\/vsven\/Desktop\/resized\/final_sprite_050.png"
                },
             "53":
                {
                 "image":"..\/..\/..\/..\/Users\/vsven\/Desktop\/resized\/final_sprite_051.png"
                },
             "54":
                {
                 "image":"..\/..\/..\/..\/Users\/vsven\/Desktop\/resized\/final_sprite_052.png"
                },
             "55":
                {
                 "image":"..\/..\/..\/..\/Users\/vsven\/Desktop\/resized\/final_sprite_053.png"
                },
             "56":
                {
                 "image":"..\/..\/..\/..\/Users\/vsven\/Desktop\/resized\/final_sprite_054.png"
                },
             "57":
                {
                 "image":"..\/..\/..\/..\/Users\/vsven\/Desktop\/resized\/final_sprite_055.png"
                },
             "58":
                {
                 "image":"..\/..\/..\/..\/Users\/vsven\/Desktop\/resized\/final_sprite_056.png"
                },
             "59":
                {
                 "image":"..\/..\/..\/..\/Users\/vsven\/Desktop\/resized\/final_sprite_057.png"
                },
             "6":
                {
                 "image":"..\/..\/..\/..\/Users\/vsven\/Desktop\/resized\/final_sprite_004.png"
                },
             "60":
                {
                 "image":"..\/..\/..\/..\/Users\/vsven\/Desktop\/resized\/final_sprite_058.png"
                },
             "61":
                {
                 "image":"..\/..\/..\/..\/Users\/vsven\/Desktop\/resized\/final_sprite_059.png"
                },
             "62":
                {
                 "image":"..\/..\/..\/..\/Users\/vsven\/Desktop\/resized\/final_sprite_060.png"
                },
             "63":
                {
                 "image":"..\/..\/..\/..\/Users\/vsven\/Desktop\/resized\/final_sprite_061.png"
                },
             "64":
                {
                 "image":"..\/..\/..\/..\/Users\/vsven\/Desktop\/resized\/final_sprite_085.png"
                },
             "65":
                {
                 "image":"..\/..\/..\/..\/Users\/vsven\/Desktop\/resized\/final_sprite_086.png"
                },
             "66":
                {
                 "image":"..\/..\/..\/..\/Users\/vsven\/Desktop\/resized\/final_sprite_087.png"
                },
             "67":
                {
                 "image":"..\/..\/..\/..\/Users\/vsven\/Desktop\/resized\/final_sprite_088.png"
                },
             "68":
                {
                 "image":"..\/..\/..\/..\/Users\/vsven\/Desktop\/resized\/final_sprite_089.png"
                },
             "69":
                {
                 "image":"..\/..\/..\/..\/Users\/vsven\/Desktop\/resized\/final_sprite_090.png"
                },
             "7":
                {
                 "image":"..\/..\/..\/..\/Users\/vsven\/Desktop\/resized\/final_sprite_005.png"
                },
             "70":
                {
                 "image":"..\/..\/..\/..\/Users\/vsven\/Desktop\/resized\/final_sprite_091.png"
                },
             "71":
                {
                 "image":"..\/..\/..\/..\/Users\/vsven\/Desktop\/resized\/final_sprite_092.png"
                },
             "72":
                {
                 "image":"..\/..\/..\/..\/Users\/vsven\/Desktop\/resized\/final_sprite_093.png"
                },
             "73":
                {
                 "image":"..\/..\/..\/..\/Users\/vsven\/Desktop\/resized\/final_sprite_094.png"
                },
             "74":
                {
                 "image":"..\/..\/..\/..\/Users\/vsven\/Desktop\/resized\/final_sprite_095.png"
                },
             "75":
                {
                 "image":"..\/..\/..\/..\/Users\/vsven\/Desktop\/resized\/final_sprite_096.png"
                },
             "76":
                {
                 "image":"..\/..\/..\/..\/Users\/vsven\/Desktop\/resized\/final_sprite_099.png"
                },
             "77":
                {
                 "image":"..\/..\/..\/..\/Users\/vsven\/Desktop\/resized\/final_sprite_100.png"
                },
             "78":
                {
                 "image":"..\/..\/..\/..\/Users\/vsven\/Desktop\/resized\/final_sprite_101.png"
                },
             "79":
                {
                 "image":"..\/..\/..\/..\/Users\/vsven\/Desktop\/resized\/final_sprite_102.png"
                },
             "8":
                {
                 "image":"..\/..\/..\/..\/Users\/vsven\/Desktop\/resized\/final_sprite_006.png"
                },
             "80":
                {
                 "image":"..\/..\/..\/..\/Users\/vsven\/Desktop\/resized\/final_sprite_103.png"
                },
             "81":
                {
                 "image":"..\/..\/..\/..\/Users\/vsven\/Desktop\/resized\/final_sprite_104.png"
                },
             "82":
                {
                 "image":"..\/..\/..\/..\/Users\/vsven\/Desktop\/resized\/smalltree_59.png"
                },
             "83":
                {
                 "image":"..\/..\/..\/..\/Users\/vsven\/Desktop\/resized\/smalltree_60.png"
                },
             "84":
                {
                 "image":"..\/..\/..\/..\/Users\/vsven\/Desktop\/resized\/smalltree_69.png"
                },
             "85":
                {
                 "image":"..\/..\/..\/..\/Users\/vsven\/Desktop\/resized\/smalltree_70.png"
                },
             "9":
                {
                 "image":"..\/..\/..\/..\/Users\/vsven\/Desktop\/resized\/final_sprite_007.png"
                }
            },
         "tilewidth":96
        }],
 "tilewidth":96,
 "version":1,
 "width":30
}