{ "height":30,
 "layers":[
        {
         "data":[3, 3, 8, 3, 3, 3, 3, 3, 3, 3, 3, 3, 3, 3, 3, 3, 3, 3, 3, 3, 10, 10, 10, 10, 18, 2, 2, 18, 18, 2, 3, 3, 4, 4, 3, 3, 3, 3, 4, 8, 8, 3, 3, 3, 3, 4, 4, 4, 3, 3, 3, 10, 10, 2, 2, 8, 8, 8, 2, 2, 3, 3, 4, 8, 3, 3, 3, 3, 4, 8, 3, 8, 8, 3, 4, 4, 4, 4, 3, 3, 3, 3, 10, 2, 8, 2, 10, 18, 8, 8, 3, 4, 8, 8, 3, 3, 3, 3, 4, 8, 4, 3, 8, 8, 8, 4, 4, 4, 3, 3, 3, 3, 10, 2, 8, 2, 10, 18, 2, 2, 3, 4, 4, 8, 3, 3, 3, 3, 4, 4, 4, 8, 3, 4, 8, 8, 3, 4, 4, 3, 3, 3, 10, 10, 2, 8, 2, 18, 18, 18, 3, 3, 3, 3, 3, 2, 2, 3, 3, 3, 3, 8, 8, 4, 3, 8, 4, 4, 4, 3, 3, 3, 12, 10, 2, 2, 18, 2, 2, 10, 3, 3, 3, 3, 3, 2, 2, 2, 3, 3, 3, 3, 8, 8, 8, 8, 8, 3, 3, 3, 3, 12, 12, 12, 0, 2, 10, 10, 2, 2, 3, 3, 3, 8, 3, 3, 2, 2, 2, 2, 3, 3, 3, 8, 3, 3, 8, 3, 3, 12, 12, 12, 12, 12, 10, 10, 10, 10, 10, 2, 3, 8, 3, 8, 8, 3, 3, 2, 2, 2, 2, 3, 3, 3, 8, 8, 8, 3, 12, 12, 12, 10, 10, 12, 3, 3, 3, 18, 10, 10, 3, 8, 3, 3, 8, 8, 3, 3, 2, 2, 2, 2, 3, 3, 8, 3, 3, 2, 12, 10, 10, 10, 12, 12, 3, 3, 3, 18, 18, 18, 3, 3, 3, 3, 4, 8, 8, 3, 3, 2, 2, 2, 2, 3, 3, 3, 2, 10, 12, 10, 10, 12, 12, 3, 3, 3, 8, 3, 3, 18, 8, 8, 3, 8, 4, 4, 8, 3, 3, 3, 2, 2, 2, 2, 2, 2, 2, 10, 10, 10, 10, 12, 3, 3, 3, 3, 8, 8, 3, 18, 3, 3, 3, 8, 8, 8, 4, 4, 3, 3, 2, 2, 2, 2, 2, 2, 10, 2, 10, 2, 12, 12, 3, 3, 3, 3, 8, 4, 3, 3, 3, 3, 3, 4, 4, 8, 3, 4, 3, 3, 3, 2, 2, 10, 10, 10, 10, 2, 2, 2, 2, 3, 3, 3, 3, 3, 8, 8, 8, 3, 3, 3, 3, 3, 4, 8, 4, 4, 3, 3, 3, 10, 10, 10, 10, 10, 2, 2, 10, 2, 2, 3, 3, 3, 8, 4, 3, 3, 8, 3, 3, 3, 3, 3, 4, 8, 3, 3, 3, 3, 10, 10, 10, 10, 2, 7, 77, 69, 2, 3, 3, 3, 3, 3, 4, 4, 3, 3, 3, 3, 3, 3, 3, 3, 4, 3, 3, 3, 3, 12, 10, 10, 2, 2, 7, 7, 76, 73, 2, 2, 3, 3, 3, 4, 4, 8, 4, 3, 8, 8, 3, 3, 3, 3, 3, 3, 3, 3, 10, 10, 12, 12, 12, 7, 7, 7, 2, 2, 2, 2, 2, 3, 3, 8, 8, 8, 8, 8, 8, 3, 3, 3, 3, 3, 3, 3, 3, 3, 10, 12, 12, 12, 12, 12, 12, 2, 2, 2, 2, 2, 2, 3, 3, 3, 3, 4, 4, 4, 4, 3, 3, 3, 3, 3, 3, 3, 3, 12, 12, 7, 7, 12, 12, 12, 12, 3, 2, 2, 2, 2, 2, 2, 3, 3, 3, 3, 8, 4, 8, 3, 3, 3, 3, 3, 3, 3, 12, 12, 12, 12, 12, 7, 12, 10, 10, 3, 3, 3, 2, 2, 2, 2, 2, 3, 3, 4, 8, 8, 8, 3, 11, 11, 3, 3, 3, 12, 12, 12, 12, 12, 12, 12, 10, 10, 3, 3, 4, 3, 3, 2, 2, 2, 2, 2, 3, 3, 4, 4, 3, 3, 2, 11, 11, 11, 3, 12, 12, 12, 12, 12, 3, 3, 3, 3, 3, 3, 4, 4, 3, 3, 3, 2, 2, 2, 2, 3, 3, 3, 3, 3, 2, 2, 2, 2, 3, 3, 3, 12, 12, 3, 3, 3, 3, 3, 3, 3, 8, 8, 4, 3, 3, 3, 2, 2, 2, 3, 3, 3, 3, 3, 1, 2, 2, 2, 2, 11, 11, 3, 3, 3, 3, 3, 4, 4, 4, 8, 3, 8, 8, 4, 3, 3, 3, 3, 2, 2, 3, 3, 3, 3, 2, 2, 2, 2, 2, 2, 3, 3, 3, 3, 3, 3, 8, 4, 4, 8, 3, 3, 8, 8, 4, 3, 3, 3, 3, 2, 2, 3, 3, 3, 1, 1, 2, 2, 2, 2, 3, 3, 3, 3, 3, 3, 8, 4, 4, 3, 3, 3, 8, 8, 4, 3, 3, 8, 8, 3, 2, 3, 3, 3, 1, 1, 2, 2, 2, 2, 2, 3, 3, 3, 3, 3, 3, 8, 8, 4, 4, 4, 8, 8, 8, 4, 4, 3, 3, 3, 3, 3, 3, 3, 1, 1, 1, 18, 18, 18, 2, 3, 3, 3, 3, 3, 3, 3, 3, 4, 4, 3, 3, 8, 8, 8, 8, 8, 3, 3, 3, 3, 3, 3, 1, 1, 1, 1, 18, 18, 1, 1, 3, 3, 3, 3, 3, 3, 3, 3, 3, 3, 3, 8, 3, 3, 3, 3, 3, 3, 3, 3, 3, 3],
         "height":30,
         "name":"Ground layer",
         "opacity":1,
         "type":"tilelayer",
         "visible":true,
         "width":30,
         "x":0,
         "y":0
        }, 
        {
         "data":[0, 0, 0, 0, 0, 0, 0, 0, 0, 0, 0, 0, 0, 0, 0, 0, 0, 0, 0, 0, 0, 35, 38, 0, 0, 0, 0, 0, 0, 0, 0, 0, 0, 0, 0, 0, 0, 0, 0, 0, 0, 0, 0, 0, 0, 0, 0, 0, 0, 0, 0, 35, 42, 0, 0, 0, 0, 0, 0, 0, 0, 0, 0, 0, 0, 0, 0, 0, 0, 0, 0, 0, 0, 0, 0, 0, 0, 0, 0, 0, 0, 0, 42, 0, 0, 0, 0, 0, 0, 0, 0, 0, 0, 0, 0, 0, 0, 0, 0, 0, 0, 0, 0, 0, 0, 0, 0, 0, 0, 0, 0, 0, 41, 0, 0, 0, 0, 0, 0, 0, 0, 0, 0, 0, 0, 0, 0, 0, 0, 0, 0, 0, 0, 0, 0, 0, 0, 0, 51, 0, 0, 0, 0, 0, 0, 0, 0, 0, 0, 0, 0, 0, 0, 0, 0, 0, 0, 0, 52, 51, 0, 0, 0, 0, 0, 0, 0, 0, 52, 0, 0, 0, 0, 0, 0, 0, 0, 0, 0, 0, 0, 0, 0, 0, 0, 0, 0, 0, 53, 53, 0, 0, 0, 0, 0, 0, 0, 0, 53, 53, 53, 0, 0, 0, 36, 39, 0, 0, 0, 0, 0, 0, 0, 0, 0, 51, 0, 0, 0, 0, 53, 0, 0, 0, 0, 0, 0, 53, 53, 0, 0, 0, 0, 0, 0, 0, 36, 0, 0, 0, 0, 0, 0, 0, 0, 52, 53, 0, 0, 0, 0, 53, 0, 0, 0, 0, 0, 53, 0, 0, 0, 0, 0, 0, 0, 0, 0, 39, 36, 39, 0, 0, 0, 0, 0, 0, 0, 53, 0, 0, 0, 0, 0, 0, 0, 0, 0, 0, 0, 0, 0, 0, 0, 0, 0, 0, 0, 0, 0, 38, 0, 0, 0, 0, 0, 0, 0, 0, 53, 0, 0, 0, 0, 0, 0, 0, 0, 0, 0, 0, 0, 0, 0, 53, 0, 0, 0, 0, 0, 0, 0, 0, 0, 0, 0, 0, 0, 0, 0, 0, 0, 0, 0, 0, 0, 36, 0, 0, 0, 0, 0, 0, 53, 53, 0, 0, 0, 0, 0, 0, 0, 0, 0, 0, 0, 0, 0, 0, 0, 0, 0, 0, 0, 0, 0, 40, 0, 0, 0, 0, 0, 0, 0, 0, 0, 0, 0, 0, 0, 0, 0, 0, 0, 0, 0, 0, 0, 0, 0, 0, 0, 0, 0, 0, 0, 40, 38, 37, 38, 38, 34, 0, 0, 0, 0, 0, 0, 0, 0, 0, 0, 0, 0, 0, 0, 0, 0, 0, 0, 0, 0, 0, 0, 0, 0, 40, 0, 0, 0, 0, 0, 0, 0, 0, 0, 0, 0, 0, 0, 0, 0, 0, 0, 0, 0, 0, 0, 0, 0, 0, 0, 37, 38, 38, 37, 43, 0, 0, 0, 0, 0, 0, 0, 0, 0, 0, 0, 0, 0, 0, 0, 0, 0, 0, 0, 0, 0, 0, 0, 0, 0, 0, 0, 0, 0, 36, 0, 0, 0, 0, 0, 0, 0, 0, 0, 0, 0, 0, 0, 0, 0, 0, 0, 0, 0, 0, 52, 0, 0, 0, 0, 0, 0, 0, 0, 36, 0, 0, 0, 0, 0, 0, 0, 0, 0, 0, 0, 0, 0, 0, 0, 0, 0, 0, 0, 51, 53, 53, 0, 0, 0, 0, 0, 0, 0, 36, 0, 0, 0, 0, 0, 0, 0, 0, 0, 0, 0, 0, 0, 0, 0, 0, 0, 0, 0, 0, 53, 0, 0, 0, 0, 0, 0, 0, 0, 0, 0, 0, 0, 0, 0, 0, 53, 51, 0, 0, 0, 0, 0, 0, 38, 0, 0, 0, 0, 0, 0, 0, 0, 0, 0, 0, 0, 0, 0, 0, 0, 0, 0, 0, 0, 0, 0, 53, 53, 0, 0, 0, 0, 0, 39, 39, 36, 41, 41, 0, 0, 0, 0, 0, 0, 0, 0, 0, 0, 0, 0, 0, 53, 0, 0, 0, 0, 0, 53, 0, 0, 0, 0, 0, 0, 0, 0, 0, 0, 0, 0, 0, 0, 0, 53, 53, 0, 0, 0, 0, 0, 0, 0, 53, 53, 0, 0, 0, 0, 0, 0, 0, 0, 0, 0, 0, 0, 0, 0, 0, 0, 0, 0, 53, 53, 52, 0, 0, 0, 0, 0, 0, 0, 0, 0, 53, 0, 0, 0, 0, 0, 0, 0, 0, 0, 0, 0, 0, 0, 0, 0, 0, 0, 0, 51, 0, 0, 0, 0, 0, 0, 0, 0, 0, 0, 51, 0, 0, 0, 0, 0, 0, 0, 0, 0, 0, 0, 0, 0, 0, 0, 35, 0, 0, 0, 0, 0, 0, 0, 0, 0, 0, 0, 0, 0, 0, 0, 0, 0, 0, 0, 0, 0, 0, 0, 0, 0, 0, 0, 0, 0, 35, 0, 0, 0, 0, 0, 0, 0, 0, 0, 0, 0, 0, 0, 0, 0, 0, 0, 0, 0, 0, 0, 0, 0, 0, 0, 0, 0, 0, 0, 34, 0, 0, 0, 0, 0, 0, 0, 0, 0, 0, 0, 0, 0, 0, 0, 0, 0, 0, 0, 0, 0, 0, 0, 0, 0, 0, 0, 0, 0, 0, 33, 0, 0, 0, 0, 0, 0, 0, 0, 0, 0, 0, 0, 0, 0, 0, 0, 0, 0, 0, 0, 0, 0, 0, 0, 0, 0, 0, 0, 0, 33, 37, 0, 0, 0, 0, 0, 0, 0, 0, 0, 0, 0, 0, 0, 0, 0, 0, 0, 0, 0, 0],
         "height":30,
         "name":"Collision layer",
         "opacity":1,
         "type":"tilelayer",
         "visible":true,
         "width":30,
         "x":0,
         "y":0
        }, 
        {
         "data":[0, 101, 0, 0, 0, 0, 0, 0, 0, 95, 0, 0, 0, 0, 0, 100, 0, 0, 0, 0, 0, 0, 0, 0, 0, 0, 0, 0, 0, 0, 0, 0, 0, 0, 103, 0, 100, 0, 0, 0, 0, 0, 0, 0, 0, 0, 0, 0, 103, 0, 0, 0, 0, 0, 0, 0, 0, 0, 0, 0, 95, 0, 103, 0, 0, 0, 0, 0, 0, 0, 0, 0, 0, 104, 0, 0, 0, 0, 0, 0, 0, 0, 0, 0, 0, 0, 0, 0, 0, 0, 0, 0, 0, 0, 0, 0, 0, 0, 0, 0, 104, 0, 0, 0, 0, 0, 0, 95, 0, 0, 0, 0, 0, 0, 0, 0, 0, 0, 0, 0, 0, 100, 0, 0, 0, 0, 0, 0, 103, 0, 0, 0, 0, 0, 0, 0, 0, 0, 0, 0, 101, 0, 0, 0, 0, 0, 0, 0, 0, 0, 0, 0, 0, 0, 0, 0, 0, 0, 0, 0, 0, 0, 0, 0, 0, 0, 0, 0, 0, 0, 0, 0, 0, 0, 0, 0, 0, 0, 0, 0, 0, 0, 0, 0, 0, 0, 0, 0, 0, 0, 0, 0, 0, 95, 0, 0, 104, 0, 0, 0, 0, 0, 0, 0, 0, 0, 0, 0, 0, 0, 0, 0, 105, 0, 0, 0, 0, 0, 0, 0, 0, 0, 0, 0, 0, 0, 0, 0, 0, 0, 0, 0, 0, 0, 0, 0, 0, 0, 0, 0, 103, 0, 0, 0, 0, 0, 0, 0, 0, 0, 0, 0, 0, 104, 0, 0, 0, 0, 0, 0, 0, 0, 0, 0, 0, 0, 0, 0, 0, 0, 0, 0, 0, 0, 0, 105, 0, 0, 0, 0, 0, 0, 50, 0, 0, 0, 50, 0, 0, 0, 0, 0, 0, 0, 0, 0, 0, 0, 0, 0, 95, 0, 0, 0, 0, 0, 0, 0, 0, 0, 0, 0, 0, 0, 0, 0, 0, 0, 0, 0, 0, 0, 0, 0, 0, 0, 0, 0, 0, 0, 0, 0, 0, 0, 0, 0, 0, 0, 0, 50, 0, 0, 0, 0, 0, 0, 0, 0, 0, 0, 0, 0, 0, 0, 0, 104, 0, 0, 0, 0, 95, 0, 0, 0, 105, 0, 100, 0, 103, 0, 0, 0, 0, 0, 0, 0, 0, 0, 0, 0, 0, 0, 0, 50, 0, 0, 0, 0, 0, 0, 101, 0, 0, 0, 0, 0, 0, 0, 0, 0, 0, 0, 0, 0, 0, 0, 0, 0, 0, 0, 0, 0, 0, 0, 0, 0, 0, 0, 0, 101, 0, 0, 0, 0, 0, 0, 0, 0, 0, 0, 0, 0, 0, 0, 0, 0, 0, 0, 0, 0, 0, 0, 0, 0, 0, 97, 0, 0, 0, 0, 0, 0, 104, 0, 0, 0, 0, 105, 0, 0, 0, 0, 0, 0, 0, 0, 0, 0, 0, 0, 0, 104, 0, 0, 0, 0, 0, 104, 0, 0, 0, 0, 0, 0, 0, 0, 0, 0, 0, 0, 0, 0, 0, 0, 0, 0, 0, 0, 0, 0, 0, 0, 0, 0, 0, 0, 0, 0, 0, 0, 103, 0, 100, 0, 0, 0, 0, 50, 0, 0, 0, 0, 0, 0, 0, 0, 0, 0, 0, 0, 0, 0, 0, 87, 0, 0, 0, 0, 0, 0, 0, 0, 0, 0, 0, 0, 0, 0, 0, 0, 0, 0, 0, 0, 0, 0, 0, 0, 0, 0, 0, 50, 0, 0, 0, 87, 86, 0, 0, 0, 0, 0, 0, 0, 0, 0, 0, 0, 0, 0, 0, 0, 0, 0, 0, 0, 0, 0, 0, 0, 0, 0, 0, 0, 0, 0, 0, 0, 0, 97, 0, 0, 0, 0, 0, 0, 0, 0, 0, 0, 0, 0, 0, 0, 0, 0, 0, 50, 0, 0, 0, 0, 0, 0, 0, 0, 0, 0, 0, 0, 0, 0, 0, 0, 0, 0, 0, 0, 0, 0, 0, 0, 0, 0, 0, 0, 0, 0, 0, 0, 0, 0, 0, 0, 0, 0, 90, 0, 0, 0, 0, 0, 0, 0, 0, 0, 0, 0, 0, 0, 0, 0, 50, 0, 0, 96, 0, 0, 86, 0, 0, 0, 0, 0, 0, 50, 87, 0, 0, 0, 0, 0, 0, 0, 0, 0, 0, 0, 0, 0, 0, 0, 0, 97, 0, 0, 0, 0, 0, 0, 0, 0, 0, 0, 0, 0, 0, 0, 0, 95, 0, 0, 0, 0, 0, 0, 0, 0, 0, 0, 0, 0, 0, 0, 101, 0, 0, 0, 0, 0, 0, 0, 50, 0, 0, 0, 0, 0, 0, 0, 0, 0, 0, 0, 0, 0, 0, 0, 0, 0, 0, 0, 0, 0, 0, 0, 0, 0, 97, 0, 0, 0, 0, 0, 0, 0, 0, 0, 0, 0, 0, 0, 0, 0, 0, 0, 0, 0, 0, 0, 0, 96, 0, 0, 0, 0, 0, 0, 0, 0, 0, 0, 0, 0, 0, 0, 0, 0, 0, 0, 0, 0, 0, 0, 0, 0, 0, 0, 0, 0, 0, 0, 0, 0, 0, 97, 0, 0, 0, 0, 0, 0, 0, 97, 0, 0, 0, 0, 0, 0, 0, 0, 0, 0, 0, 0, 0, 0, 0, 0, 0, 96, 0, 0, 0, 0, 0, 0, 96, 0, 0, 0, 95, 0, 0, 0, 0, 0, 100, 0, 0, 0, 0, 0, 0, 0, 0, 0, 0, 0, 0, 0, 0, 100, 0, 0, 0, 0, 0, 0, 95, 0, 0, 0, 0, 0, 0, 0, 0, 0],
         "height":30,
         "name":"Foliage layer",
         "opacity":1,
         "type":"tilelayer",
         "visible":true,
         "width":30,
         "x":0,
         "y":0
        }],
 "nextobjectid":1,
 "orientation":"isometric",
 "renderorder":"right-down",
 "tileheight":256,
 "tilesets":[
        {
         "columns":0,
         "firstgid":1,
         "margin":0,
         "name":"Tiles",
         "spacing":0,
         "tilecount":105,
         "tileheight":64,
         "tiles":
            {
             "0":
                {
                 "image":"..\/..\/..\/..\/Users\/vsven\/Downloads\/Imported piskel\/sprite_000.png"
                },
             "1":
                {
                 "image":"..\/..\/..\/..\/Users\/vsven\/Downloads\/Imported piskel\/sprite_001.png"
                },
             "10":
                {
                 "image":"..\/..\/..\/..\/Users\/vsven\/Downloads\/Imported piskel\/sprite_010.png"
                },
             "100":
                {
                 "image":"..\/..\/..\/..\/Users\/vsven\/Downloads\/Imported piskel\/sprite_100.png"
                },
             "101":
                {
                 "image":"..\/..\/..\/..\/Users\/vsven\/Downloads\/Imported piskel\/sprite_101.png"
                },
             "102":
                {
                 "image":"..\/..\/..\/..\/Users\/vsven\/Downloads\/Imported piskel\/sprite_102.png"
                },
             "103":
                {
                 "image":"..\/..\/..\/..\/Users\/vsven\/Downloads\/Imported piskel\/sprite_103.png"
                },
             "104":
                {
                 "image":"..\/..\/..\/..\/Users\/vsven\/Downloads\/Imported piskel\/sprite_104.png"
                },
             "11":
                {
                 "image":"..\/..\/..\/..\/Users\/vsven\/Downloads\/Imported piskel\/sprite_011.png"
                },
             "12":
                {
                 "image":"..\/..\/..\/..\/Users\/vsven\/Downloads\/Imported piskel\/sprite_012.png"
                },
             "13":
                {
                 "image":"..\/..\/..\/..\/Users\/vsven\/Downloads\/Imported piskel\/sprite_013.png"
                },
             "14":
                {
                 "image":"..\/..\/..\/..\/Users\/vsven\/Downloads\/Imported piskel\/sprite_014.png"
                },
             "15":
                {
                 "image":"..\/..\/..\/..\/Users\/vsven\/Downloads\/Imported piskel\/sprite_015.png"
                },
             "16":
                {
                 "image":"..\/..\/..\/..\/Users\/vsven\/Downloads\/Imported piskel\/sprite_016.png"
                },
             "17":
                {
                 "image":"..\/..\/..\/..\/Users\/vsven\/Downloads\/Imported piskel\/sprite_017.png"
                },
             "18":
                {
                 "image":"..\/..\/..\/..\/Users\/vsven\/Downloads\/Imported piskel\/sprite_018.png"
                },
             "19":
                {
                 "image":"..\/..\/..\/..\/Users\/vsven\/Downloads\/Imported piskel\/sprite_019.png"
                },
             "2":
                {
                 "image":"..\/..\/..\/..\/Users\/vsven\/Downloads\/Imported piskel\/sprite_002.png"
                },
             "20":
                {
                 "image":"..\/..\/..\/..\/Users\/vsven\/Downloads\/Imported piskel\/sprite_020.png"
                },
             "21":
                {
                 "image":"..\/..\/..\/..\/Users\/vsven\/Downloads\/Imported piskel\/sprite_021.png"
                },
             "22":
                {
                 "image":"..\/..\/..\/..\/Users\/vsven\/Downloads\/Imported piskel\/sprite_022.png"
                },
             "23":
                {
                 "image":"..\/..\/..\/..\/Users\/vsven\/Downloads\/Imported piskel\/sprite_023.png"
                },
             "24":
                {
                 "image":"..\/..\/..\/..\/Users\/vsven\/Downloads\/Imported piskel\/sprite_024.png"
                },
             "25":
                {
                 "image":"..\/..\/..\/..\/Users\/vsven\/Downloads\/Imported piskel\/sprite_025.png"
                },
             "26":
                {
                 "image":"..\/..\/..\/..\/Users\/vsven\/Downloads\/Imported piskel\/sprite_026.png"
                },
             "27":
                {
                 "image":"..\/..\/..\/..\/Users\/vsven\/Downloads\/Imported piskel\/sprite_027.png"
                },
             "28":
                {
                 "image":"..\/..\/..\/..\/Users\/vsven\/Downloads\/Imported piskel\/sprite_028.png"
                },
             "29":
                {
                 "image":"..\/..\/..\/..\/Users\/vsven\/Downloads\/Imported piskel\/sprite_029.png"
                },
             "3":
                {
                 "image":"..\/..\/..\/..\/Users\/vsven\/Downloads\/Imported piskel\/sprite_003.png"
                },
             "30":
                {
                 "image":"..\/..\/..\/..\/Users\/vsven\/Downloads\/Imported piskel\/sprite_030.png"
                },
             "31":
                {
                 "image":"..\/..\/..\/..\/Users\/vsven\/Downloads\/Imported piskel\/sprite_031.png"
                },
             "32":
                {
                 "image":"..\/..\/..\/..\/Users\/vsven\/Downloads\/Imported piskel\/sprite_032.png"
                },
             "33":
                {
                 "image":"..\/..\/..\/..\/Users\/vsven\/Downloads\/Imported piskel\/sprite_033.png"
                },
             "34":
                {
                 "image":"..\/..\/..\/..\/Users\/vsven\/Downloads\/Imported piskel\/sprite_034.png"
                },
             "35":
                {
                 "image":"..\/..\/..\/..\/Users\/vsven\/Downloads\/Imported piskel\/sprite_035.png"
                },
             "36":
                {
                 "image":"..\/..\/..\/..\/Users\/vsven\/Downloads\/Imported piskel\/sprite_036.png"
                },
             "37":
                {
                 "image":"..\/..\/..\/..\/Users\/vsven\/Downloads\/Imported piskel\/sprite_037.png"
                },
             "38":
                {
                 "image":"..\/..\/..\/..\/Users\/vsven\/Downloads\/Imported piskel\/sprite_038.png"
                },
             "39":
                {
                 "image":"..\/..\/..\/..\/Users\/vsven\/Downloads\/Imported piskel\/sprite_039.png"
                },
             "4":
                {
                 "image":"..\/..\/..\/..\/Users\/vsven\/Downloads\/Imported piskel\/sprite_004.png"
                },
             "40":
                {
                 "image":"..\/..\/..\/..\/Users\/vsven\/Downloads\/Imported piskel\/sprite_040.png"
                },
             "41":
                {
                 "image":"..\/..\/..\/..\/Users\/vsven\/Downloads\/Imported piskel\/sprite_041.png"
                },
             "42":
                {
                 "image":"..\/..\/..\/..\/Users\/vsven\/Downloads\/Imported piskel\/sprite_042.png"
                },
             "43":
                {
                 "image":"..\/..\/..\/..\/Users\/vsven\/Downloads\/Imported piskel\/sprite_043.png"
                },
             "44":
                {
                 "image":"..\/..\/..\/..\/Users\/vsven\/Downloads\/Imported piskel\/sprite_044.png"
                },
             "45":
                {
                 "image":"..\/..\/..\/..\/Users\/vsven\/Downloads\/Imported piskel\/sprite_045.png"
                },
             "46":
                {
                 "image":"..\/..\/..\/..\/Users\/vsven\/Downloads\/Imported piskel\/sprite_046.png"
                },
             "47":
                {
                 "image":"..\/..\/..\/..\/Users\/vsven\/Downloads\/Imported piskel\/sprite_047.png"
                },
             "48":
                {
                 "image":"..\/..\/..\/..\/Users\/vsven\/Downloads\/Imported piskel\/sprite_048.png"
                },
             "49":
                {
                 "image":"..\/..\/..\/..\/Users\/vsven\/Downloads\/Imported piskel\/sprite_049.png"
                },
             "5":
                {
                 "image":"..\/..\/..\/..\/Users\/vsven\/Downloads\/Imported piskel\/sprite_005.png"
                },
             "50":
                {
                 "image":"..\/..\/..\/..\/Users\/vsven\/Downloads\/Imported piskel\/sprite_050.png"
                },
             "51":
                {
                 "image":"..\/..\/..\/..\/Users\/vsven\/Downloads\/Imported piskel\/sprite_051.png"
                },
             "52":
                {
                 "image":"..\/..\/..\/..\/Users\/vsven\/Downloads\/Imported piskel\/sprite_052.png"
                },
             "53":
                {
                 "image":"..\/..\/..\/..\/Users\/vsven\/Downloads\/Imported piskel\/sprite_053.png"
                },
             "54":
                {
                 "image":"..\/..\/..\/..\/Users\/vsven\/Downloads\/Imported piskel\/sprite_054.png"
                },
             "55":
                {
                 "image":"..\/..\/..\/..\/Users\/vsven\/Downloads\/Imported piskel\/sprite_055.png"
                },
             "56":
                {
                 "image":"..\/..\/..\/..\/Users\/vsven\/Downloads\/Imported piskel\/sprite_056.png"
                },
             "57":
                {
                 "image":"..\/..\/..\/..\/Users\/vsven\/Downloads\/Imported piskel\/sprite_057.png"
                },
             "58":
                {
                 "image":"..\/..\/..\/..\/Users\/vsven\/Downloads\/Imported piskel\/sprite_058.png"
                },
             "59":
                {
                 "image":"..\/..\/..\/..\/Users\/vsven\/Downloads\/Imported piskel\/sprite_059.png"
                },
             "6":
                {
                 "image":"..\/..\/..\/..\/Users\/vsven\/Downloads\/Imported piskel\/sprite_006.png"
                },
             "60":
                {
                 "image":"..\/..\/..\/..\/Users\/vsven\/Downloads\/Imported piskel\/sprite_060.png"
                },
             "61":
                {
                 "image":"..\/..\/..\/..\/Users\/vsven\/Downloads\/Imported piskel\/sprite_061.png"
                },
             "62":
                {
                 "image":"..\/..\/..\/..\/Users\/vsven\/Downloads\/Imported piskel\/sprite_062.png"
                },
             "63":
                {
                 "image":"..\/..\/..\/..\/Users\/vsven\/Downloads\/Imported piskel\/sprite_063.png"
                },
             "64":
                {
                 "image":"..\/..\/..\/..\/Users\/vsven\/Downloads\/Imported piskel\/sprite_064.png"
                },
             "65":
                {
                 "image":"..\/..\/..\/..\/Users\/vsven\/Downloads\/Imported piskel\/sprite_065.png"
                },
             "66":
                {
                 "image":"..\/..\/..\/..\/Users\/vsven\/Downloads\/Imported piskel\/sprite_066.png"
                },
             "67":
                {
                 "image":"..\/..\/..\/..\/Users\/vsven\/Downloads\/Imported piskel\/sprite_067.png"
                },
             "68":
                {
                 "image":"..\/..\/..\/..\/Users\/vsven\/Downloads\/Imported piskel\/sprite_068.png"
                },
             "69":
                {
                 "image":"..\/..\/..\/..\/Users\/vsven\/Downloads\/Imported piskel\/sprite_069.png"
                },
             "7":
                {
                 "image":"..\/..\/..\/..\/Users\/vsven\/Downloads\/Imported piskel\/sprite_007.png"
                },
             "70":
                {
                 "image":"..\/..\/..\/..\/Users\/vsven\/Downloads\/Imported piskel\/sprite_070.png"
                },
             "71":
                {
                 "image":"..\/..\/..\/..\/Users\/vsven\/Downloads\/Imported piskel\/sprite_071.png"
                },
             "72":
                {
                 "image":"..\/..\/..\/..\/Users\/vsven\/Downloads\/Imported piskel\/sprite_072.png"
                },
             "73":
                {
                 "image":"..\/..\/..\/..\/Users\/vsven\/Downloads\/Imported piskel\/sprite_073.png"
                },
             "74":
                {
                 "image":"..\/..\/..\/..\/Users\/vsven\/Downloads\/Imported piskel\/sprite_074.png"
                },
             "75":
                {
                 "image":"..\/..\/..\/..\/Users\/vsven\/Downloads\/Imported piskel\/sprite_075.png"
                },
             "76":
                {
                 "image":"..\/..\/..\/..\/Users\/vsven\/Downloads\/Imported piskel\/sprite_076.png"
                },
             "77":
                {
                 "image":"..\/..\/..\/..\/Users\/vsven\/Downloads\/Imported piskel\/sprite_077.png"
                },
             "78":
                {
                 "image":"..\/..\/..\/..\/Users\/vsven\/Downloads\/Imported piskel\/sprite_078.png"
                },
             "79":
                {
                 "image":"..\/..\/..\/..\/Users\/vsven\/Downloads\/Imported piskel\/sprite_079.png"
                },
             "8":
                {
                 "image":"..\/..\/..\/..\/Users\/vsven\/Downloads\/Imported piskel\/sprite_008.png"
                },
             "80":
                {
                 "image":"..\/..\/..\/..\/Users\/vsven\/Downloads\/Imported piskel\/sprite_080.png"
                },
             "81":
                {
                 "image":"..\/..\/..\/..\/Users\/vsven\/Downloads\/Imported piskel\/sprite_081.png"
                },
             "82":
                {
                 "image":"..\/..\/..\/..\/Users\/vsven\/Downloads\/Imported piskel\/sprite_082.png"
                },
             "83":
                {
                 "image":"..\/..\/..\/..\/Users\/vsven\/Downloads\/Imported piskel\/sprite_083.png"
                },
             "84":
                {
                 "image":"..\/..\/..\/..\/Users\/vsven\/Downloads\/Imported piskel\/sprite_084.png"
                },
             "85":
                {
                 "image":"..\/..\/..\/..\/Users\/vsven\/Downloads\/Imported piskel\/sprite_085.png"
                },
             "86":
                {
                 "image":"..\/..\/..\/..\/Users\/vsven\/Downloads\/Imported piskel\/sprite_086.png"
                },
             "87":
                {
                 "image":"..\/..\/..\/..\/Users\/vsven\/Downloads\/Imported piskel\/sprite_087.png"
                },
             "88":
                {
                 "image":"..\/..\/..\/..\/Users\/vsven\/Downloads\/Imported piskel\/sprite_088.png"
                },
             "89":
                {
                 "image":"..\/..\/..\/..\/Users\/vsven\/Downloads\/Imported piskel\/sprite_089.png"
                },
             "9":
                {
                 "image":"..\/..\/..\/..\/Users\/vsven\/Downloads\/Imported piskel\/sprite_009.png"
                },
             "90":
                {
                 "image":"..\/..\/..\/..\/Users\/vsven\/Downloads\/Imported piskel\/sprite_090.png"
                },
             "91":
                {
                 "image":"..\/..\/..\/..\/Users\/vsven\/Downloads\/Imported piskel\/sprite_091.png"
                },
             "92":
                {
                 "image":"..\/..\/..\/..\/Users\/vsven\/Downloads\/Imported piskel\/sprite_092.png"
                },
             "93":
                {
                 "image":"..\/..\/..\/..\/Users\/vsven\/Downloads\/Imported piskel\/sprite_093.png"
                },
             "94":
                {
                 "image":"..\/..\/..\/..\/Users\/vsven\/Downloads\/Imported piskel\/sprite_094.png"
                },
             "95":
                {
                 "image":"..\/..\/..\/..\/Users\/vsven\/Downloads\/Imported piskel\/sprite_095.png"
                },
             "96":
                {
                 "image":"..\/..\/..\/..\/Users\/vsven\/Downloads\/Imported piskel\/sprite_096.png"
                },
             "97":
                {
                 "image":"..\/..\/..\/..\/Users\/vsven\/Downloads\/Imported piskel\/sprite_097.png"
                },
             "98":
                {
                 "image":"..\/..\/..\/..\/Users\/vsven\/Downloads\/Imported piskel\/sprite_098.png"
                },
             "99":
                {
                 "image":"..\/..\/..\/..\/Users\/vsven\/Downloads\/Imported piskel\/sprite_099.png"
                }
            },
         "tilewidth":64
        }],
 "tilewidth":128,
 "version":1,
 "width":30
}