{ "height":5,
 "layers":[
        {
         "data":[2, 3, 3, 3, 1, 2, 1, 3, 3, 1, 2, 1, 3, 3, 1, 2, 1, 1, 1, 1, 2, 2, 2, 2, 2],
         "height":5,
         "name":"Tile Layer 1",
         "opacity":1,
         "type":"tilelayer",
         "visible":true,
         "width":5,
         "x":0,
         "y":0
        }],
 "nextobjectid":1,
 "orientation":"isometric",
 "renderorder":"left-down",
 "tileheight":50,
 "tilesets":[
        {
         "columns":0,
         "firstgid":1,
         "margin":0,
         "name":"GroundTiles",
         "spacing":0,
         "tilecount":3,
         "tileheight":65,
         "tiles":
            {
             "0":
                {
                 "image":"..\/tiles\/beach.png"
                },
             "1":
                {
                 "image":"..\/tiles\/grass.png"
                },
             "2":
                {
                 "image":"..\/tiles\/water.png"
                }
            },
         "tilewidth":100
        }],
 "tilewidth":100,
 "version":1,
 "width":5
}