{ "height":15,
 "layers":[
        {
         "data":[35, 35, 35, 35, 35, 67, 35, 12, 6, 6, 6, 6, 6, 6, 10, 79, 77, 77, 78, 35, 67, 35, 8, 84, 84, 84, 84, 84, 84, 11, 67, 35, 35, 67, 35, 67, 35, 8, 84, 84, 84, 84, 84, 84, 11, 67, 79, 77, 76, 35, 72, 35, 7, 13, 13, 13, 13, 4, 84, 11, 67, 67, 35, 35, 35, 75, 35, 35, 35, 35, 36, 36, 8, 84, 11, 67, 67, 35, 1, 8, 14, 84, 11, 1, 35, 36, 36, 7, 13, 9, 67, 67, 35, 1, 8, 14, 84, 11, 1, 35, 47, 46, 36, 36, 36, 67, 67, 35, 1, 8, 14, 84, 11, 1, 35, 47, 65, 46, 36, 36, 67, 67, 35, 1, 8, 14, 84, 11, 1, 35, 47, 65, 72, 36, 36, 67, 67, 35, 6, 3, 14, 84, 11, 1, 35, 47, 65, 71, 36, 36, 66, 76, 35, 35, 35, 14, 35, 35, 35, 35, 49, 52, 51, 36, 36, 36, 36, 36, 39, 42, 14, 39, 42, 12, 10, 36, 36, 36, 36, 36, 36, 36, 36, 39, 42, 14, 39, 42, 7, 9, 36, 36, 36, 36, 36, 36, 36, 36, 39, 42, 14, 39, 42, 36, 36, 36, 36, 36, 36, 36, 36, 36, 36, 39, 42, 14, 39, 42, 36, 36, 36, 36, 36, 36, 36],
         "height":15,
         "name":"Tile Layer 1",
         "opacity":1,
         "type":"tilelayer",
         "visible":true,
         "width":15,
         "x":0,
         "y":0
        }, 
        {
         "data":[0, 0, 0, 0, 0, 0, 0, 0, 0, 0, 0, 0, 0, 0, 0, 0, 0, 0, 0, 0, 0, 0, 0, 0, 0, 0, 0, 0, 0, 0, 0, 0, 0, 0, 0, 0, 0, 0, 0, 0, 0, 0, 0, 0, 0, 0, 0, 0, 0, 0, 0, 0, 0, 0, 0, 0, 0, 0, 0, 0, 0, 0, 0, 0, 0, 0, 0, 0, 0, 0, 0, 0, 0, 0, 0, 0, 0, 0, 0, 0, 0, 0, 0, 0, 0, 0, 0, 0, 0, 0, 0, 0, 0, 0, 0, 0, 0, 0, 0, 0, 0, 0, 0, 0, 0, 0, 0, 0, 0, 0, 0, 0, 0, 0, 0, 0, 0, 0, 0, 0, 0, 0, 0, 0, 0, 0, 0, 0, 0, 0, 0, 0, 0, 0, 0, 0, 0, 0, 0, 0, 0, 0, 0, 0, 0, 0, 0, 0, 0, 0, 0, 0, 0, 0, 0, 0, 0, 100, 100, 100, 0, 0, 0, 0, 0, 0, 0, 0, 0, 0, 0, 0, 100, 0, 100, 0, 0, 0, 0, 0, 0, 0, 0, 0, 0, 0, 0, 100, 100, 100, 0, 0, 0, 0, 0, 0, 0, 0, 0, 0, 0, 0, 0, 0, 0, 0, 0, 0, 0, 0, 0, 0, 0, 0, 0, 0, 0, 0, 0, 0, 0, 0, 0, 0, 0],
         "height":15,
         "name":"Tile Layer 2",
         "opacity":1,
         "type":"tilelayer",
         "visible":true,
         "width":15,
         "x":0,
         "y":0
        }],
 "nextobjectid":1,
 "orientation":"isometric",
 "renderorder":"right-down",
 "tileheight":50,
 "tilesets":[
        {
         "columns":0,
         "firstgid":1,
         "margin":0,
         "name":"GroundTiles",
         "spacing":0,
         "tilecount":96,
         "tileheight":80,
         "tiles":
            {
             "0":
                {
                 "image":"..\/tiles\/beach.png"
                },
             "1":
                {
                 "image":"..\/tiles\/beachCornerES.png"
                },
             "10":
                {
                 "image":"..\/tiles\/beachS.png"
                },
             "11":
                {
                 "image":"..\/tiles\/beachSW.png"
                },
             "12":
                {
                 "image":"..\/tiles\/beachW.png"
                },
             "13":
                {
                 "image":"..\/tiles\/bridgeEW.png"
                },
             "14":
                {
                 "image":"..\/tiles\/bridgeNS.png"
                },
             "15":
                {
                 "image":"..\/tiles\/coniferAltShort.png"
                },
             "16":
                {
                 "image":"..\/tiles\/coniferAltTall.png"
                },
             "17":
                {
                 "image":"..\/tiles\/coniferShort.png"
                },
             "18":
                {
                 "image":"..\/tiles\/coniferTall.png"
                },
             "19":
                {
                 "image":"..\/tiles\/crossroad.png"
                },
             "2":
                {
                 "image":"..\/tiles\/beachCornerNE.png"
                },
             "20":
                {
                 "image":"..\/tiles\/crossroadESW.png"
                },
             "21":
                {
                 "image":"..\/tiles\/crossroadNES.png"
                },
             "22":
                {
                 "image":"..\/tiles\/crossroadNEW.png"
                },
             "23":
                {
                 "image":"..\/tiles\/crossroadNSW.png"
                },
             "24":
                {
                 "image":"..\/tiles\/dirt.png"
                },
             "25":
                {
                 "image":"..\/tiles\/dirtDouble.png"
                },
             "26":
                {
                 "image":"..\/tiles\/endE.png"
                },
             "27":
                {
                 "image":"..\/tiles\/endN.png"
                },
             "28":
                {
                 "image":"..\/tiles\/endS.png"
                },
             "29":
                {
                 "image":"..\/tiles\/endW.png"
                },
             "3":
                {
                 "image":"..\/tiles\/beachCornerNW.png"
                },
             "30":
                {
                 "image":"..\/tiles\/exitE.png"
                },
             "31":
                {
                 "image":"..\/tiles\/exitN.png"
                },
             "32":
                {
                 "image":"..\/tiles\/exitS.png"
                },
             "33":
                {
                 "image":"..\/tiles\/exitW.png"
                },
             "34":
                {
                 "image":"..\/tiles\/grass.png"
                },
             "35":
                {
                 "image":"..\/tiles\/grassWhole.png"
                },
             "36":
                {
                 "image":"..\/tiles\/hillE.png"
                },
             "37":
                {
                 "image":"..\/tiles\/hillES.png"
                },
             "38":
                {
                 "image":"..\/tiles\/hillN.png"
                },
             "39":
                {
                 "image":"..\/tiles\/hillNE.png"
                },
             "4":
                {
                 "image":"..\/tiles\/beachCornerSW.png"
                },
             "40":
                {
                 "image":"..\/tiles\/hillNW.png"
                },
             "41":
                {
                 "image":"..\/tiles\/hillS.png"
                },
             "42":
                {
                 "image":"..\/tiles\/hillSW.png"
                },
             "43":
                {
                 "image":"..\/tiles\/hillW.png"
                },
             "44":
                {
                 "image":"..\/tiles\/lotE.png"
                },
             "45":
                {
                 "image":"..\/tiles\/lotES.png"
                },
             "46":
                {
                 "image":"..\/tiles\/lotN.png"
                },
             "47":
                {
                 "image":"..\/tiles\/lotNE.png"
                },
             "48":
                {
                 "image":"..\/tiles\/lotNW.png"
                },
             "49":
                {
                 "image":"..\/tiles\/lotS.png"
                },
             "5":
                {
                 "image":"..\/tiles\/beachE.png"
                },
             "50":
                {
                 "image":"..\/tiles\/lotSW.png"
                },
             "51":
                {
                 "image":"..\/tiles\/lotW.png"
                },
             "52":
                {
                 "image":"..\/tiles\/riverBankedES.png"
                },
             "53":
                {
                 "image":"..\/tiles\/riverBankedEW.png"
                },
             "54":
                {
                 "image":"..\/tiles\/riverBankedNE.png"
                },
             "55":
                {
                 "image":"..\/tiles\/riverBankedNS.png"
                },
             "56":
                {
                 "image":"..\/tiles\/riverBankedNW.png"
                },
             "57":
                {
                 "image":"..\/tiles\/riverBankedSW.png"
                },
             "58":
                {
                 "image":"..\/tiles\/riverES.png"
                },
             "59":
                {
                 "image":"..\/tiles\/riverEW.png"
                },
             "6":
                {
                 "image":"..\/tiles\/beachES.png"
                },
             "60":
                {
                 "image":"..\/tiles\/riverNE.png"
                },
             "61":
                {
                 "image":"..\/tiles\/riverNS.png"
                },
             "62":
                {
                 "image":"..\/tiles\/riverNW.png"
                },
             "63":
                {
                 "image":"..\/tiles\/riverSW.png"
                },
             "64":
                {
                 "image":"..\/tiles\/road.png"
                },
             "65":
                {
                 "image":"..\/tiles\/roadES.png"
                },
             "66":
                {
                 "image":"..\/tiles\/roadEW.png"
                },
             "67":
                {
                 "image":"..\/tiles\/roadHill2E.png"
                },
             "68":
                {
                 "image":"..\/tiles\/roadHill2N.png"
                },
             "69":
                {
                 "image":"..\/tiles\/roadHill2S.png"
                },
             "7":
                {
                 "image":"..\/tiles\/beachN.png"
                },
             "70":
                {
                 "image":"..\/tiles\/roadHill2W.png"
                },
             "71":
                {
                 "image":"..\/tiles\/roadHillE.png"
                },
             "72":
                {
                 "image":"..\/tiles\/roadHillN.png"
                },
             "73":
                {
                 "image":"..\/tiles\/roadHillS.png"
                },
             "74":
                {
                 "image":"..\/tiles\/roadHillW.png"
                },
             "75":
                {
                 "image":"..\/tiles\/roadNE.png"
                },
             "76":
                {
                 "image":"..\/tiles\/roadNS.png"
                },
             "77":
                {
                 "image":"..\/tiles\/roadNW.png"
                },
             "78":
                {
                 "image":"..\/tiles\/roadSW.png"
                },
             "79":
                {
                 "image":"..\/tiles\/treeAltShort.png"
                },
             "8":
                {
                 "image":"..\/tiles\/beachNE.png"
                },
             "80":
                {
                 "image":"..\/tiles\/treeAltTall.png"
                },
             "81":
                {
                 "image":"..\/tiles\/treeShort.png"
                },
             "82":
                {
                 "image":"..\/tiles\/treeTall.png"
                },
             "83":
                {
                 "image":"..\/tiles\/water.png"
                },
             "84":
                {
                 "image":"..\/tiles\/waterCornerES.png"
                },
             "85":
                {
                 "image":"..\/tiles\/waterCornerNE.png"
                },
             "86":
                {
                 "image":"..\/tiles\/waterCornerNW.png"
                },
             "87":
                {
                 "image":"..\/tiles\/waterCornerSW.png"
                },
             "88":
                {
                 "image":"..\/tiles\/waterE.png"
                },
             "89":
                {
                 "image":"..\/tiles\/waterES.png"
                },
             "9":
                {
                 "image":"..\/tiles\/beachNW.png"
                },
             "90":
                {
                 "image":"..\/tiles\/waterN.png"
                },
             "91":
                {
                 "image":"..\/tiles\/waterNE.png"
                },
             "92":
                {
                 "image":"..\/tiles\/waterNW.png"
                },
             "93":
                {
                 "image":"..\/tiles\/waterS.png"
                },
             "94":
                {
                 "image":"..\/tiles\/waterSW.png"
                },
             "95":
                {
                 "image":"..\/tiles\/waterW.png"
                }
            },
         "tilewidth":100
        }, 
        {
         "columns":0,
         "firstgid":97,
         "margin":0,
         "name":"TreeTiles",
         "spacing":0,
         "tilecount":8,
         "tileheight":48,
         "tileoffset":
            {
             "x":50,
             "y":0
            },
         "tiles":
            {
             "0":
                {
                 "image":"..\/tiles\/coniferAltShort.png"
                },
             "1":
                {
                 "image":"..\/tiles\/coniferAltTall.png"
                },
             "2":
                {
                 "image":"..\/tiles\/coniferShort.png"
                },
             "3":
                {
                 "image":"..\/tiles\/coniferTall.png"
                },
             "4":
                {
                 "image":"..\/tiles\/treeAltShort.png"
                },
             "5":
                {
                 "image":"..\/tiles\/treeAltTall.png"
                },
             "6":
                {
                 "image":"..\/tiles\/treeShort.png"
                },
             "7":
                {
                 "image":"..\/tiles\/treeTall.png"
                }
            },
         "tilewidth":19
        }],
 "tilewidth":100,
 "version":1,
 "width":15
}