{ "height":5,
 "layers":[
        {
         "data":[11, 17, 20, 23, 35, 2, 9, 20, 23, 35, 8, 17, 22, 24, 35, 17, 17, 34, 37, 36, 17, 17, 6, 6, 6],
         "height":5,
         "name":"Tile Layer 1",
         "opacity":1,
         "type":"tilelayer",
         "visible":true,
         "width":5,
         "x":0,
         "y":0
        }, 
        {
         "data":[0, 63, 0, 0, 0, 0, 0, 0, 0, 0, 0, 62, 0, 0, 0, 62, 62, 0, 0, 0, 0, 0, 61, 61, 61],
         "height":5,
         "name":"Tile Layer 2",
         "opacity":1,
         "type":"tilelayer",
         "visible":true,
         "width":5,
         "x":0,
         "y":0
        }],
 "nextobjectid":1,
 "orientation":"isometric",
 "renderorder":"right-down",
 "tileheight":50,
 "tilesets":[
        {
         "columns":0,
         "firstgid":1,
         "margin":0,
         "name":"GroundTiles",
         "spacing":0,
         "tilecount":60,
         "tileheight":80,
         "tiles":
            {
             "0":
                {
                 "image":"..\/tiles\/crossroad.png"
                },
             "1":
                {
                 "image":"..\/tiles\/crossroadESW.png"
                },
             "10":
                {
                 "image":"..\/tiles\/endW.png"
                },
             "11":
                {
                 "image":"..\/tiles\/exitE.png"
                },
             "12":
                {
                 "image":"..\/tiles\/exitN.png"
                },
             "13":
                {
                 "image":"..\/tiles\/exitS.png"
                },
             "14":
                {
                 "image":"..\/tiles\/exitW.png"
                },
             "15":
                {
                 "image":"..\/tiles\/grass.png"
                },
             "16":
                {
                 "image":"..\/tiles\/grassWhole.png"
                },
             "17":
                {
                 "image":"..\/tiles\/hillE.png"
                },
             "18":
                {
                 "image":"..\/tiles\/hillES.png"
                },
             "19":
                {
                 "image":"..\/tiles\/hillN.png"
                },
             "2":
                {
                 "image":"..\/tiles\/crossroadNES.png"
                },
             "20":
                {
                 "image":"..\/tiles\/hillNE.png"
                },
             "21":
                {
                 "image":"..\/tiles\/hillNW.png"
                },
             "22":
                {
                 "image":"..\/tiles\/hillS.png"
                },
             "23":
                {
                 "image":"..\/tiles\/hillSW.png"
                },
             "24":
                {
                 "image":"..\/tiles\/hillW.png"
                },
             "25":
                {
                 "image":"..\/tiles\/lotE.png"
                },
             "26":
                {
                 "image":"..\/tiles\/lotES.png"
                },
             "27":
                {
                 "image":"..\/tiles\/lotN.png"
                },
             "28":
                {
                 "image":"..\/tiles\/lotNE.png"
                },
             "29":
                {
                 "image":"..\/tiles\/lotNW.png"
                },
             "3":
                {
                 "image":"..\/tiles\/crossroadNEW.png"
                },
             "30":
                {
                 "image":"..\/tiles\/lotS.png"
                },
             "31":
                {
                 "image":"..\/tiles\/lotSW.png"
                },
             "32":
                {
                 "image":"..\/tiles\/lotW.png"
                },
             "33":
                {
                 "image":"..\/tiles\/riverBankedES.png"
                },
             "34":
                {
                 "image":"..\/tiles\/riverBankedEW.png"
                },
             "35":
                {
                 "image":"..\/tiles\/riverBankedNE.png"
                },
             "36":
                {
                 "image":"..\/tiles\/riverBankedNS.png"
                },
             "37":
                {
                 "image":"..\/tiles\/riverBankedNW.png"
                },
             "38":
                {
                 "image":"..\/tiles\/riverBankedSW.png"
                },
             "39":
                {
                 "image":"..\/tiles\/riverES.png"
                },
             "4":
                {
                 "image":"..\/tiles\/crossroadNSW.png"
                },
             "40":
                {
                 "image":"..\/tiles\/riverEW.png"
                },
             "41":
                {
                 "image":"..\/tiles\/riverNE.png"
                },
             "42":
                {
                 "image":"..\/tiles\/riverNS.png"
                },
             "43":
                {
                 "image":"..\/tiles\/riverNW.png"
                },
             "44":
                {
                 "image":"..\/tiles\/riverSW.png"
                },
             "45":
                {
                 "image":"..\/tiles\/road.png"
                },
             "46":
                {
                 "image":"..\/tiles\/roadES.png"
                },
             "47":
                {
                 "image":"..\/tiles\/roadEW.png"
                },
             "48":
                {
                 "image":"..\/tiles\/roadHill2E.png"
                },
             "49":
                {
                 "image":"..\/tiles\/roadHill2N.png"
                },
             "5":
                {
                 "image":"..\/tiles\/dirt.png"
                },
             "50":
                {
                 "image":"..\/tiles\/roadHill2S.png"
                },
             "51":
                {
                 "image":"..\/tiles\/roadHill2W.png"
                },
             "52":
                {
                 "image":"..\/tiles\/roadHillE.png"
                },
             "53":
                {
                 "image":"..\/tiles\/roadHillN.png"
                },
             "54":
                {
                 "image":"..\/tiles\/roadHillS.png"
                },
             "55":
                {
                 "image":"..\/tiles\/roadHillW.png"
                },
             "56":
                {
                 "image":"..\/tiles\/roadNE.png"
                },
             "57":
                {
                 "image":"..\/tiles\/roadNS.png"
                },
             "58":
                {
                 "image":"..\/tiles\/roadNW.png"
                },
             "59":
                {
                 "image":"..\/tiles\/roadSW.png"
                },
             "6":
                {
                 "image":"..\/tiles\/dirtDouble.png"
                },
             "7":
                {
                 "image":"..\/tiles\/endE.png"
                },
             "8":
                {
                 "image":"..\/tiles\/endN.png"
                },
             "9":
                {
                 "image":"..\/tiles\/endS.png"
                }
            },
         "tilewidth":100
        }, 
        {
         "columns":0,
         "firstgid":61,
         "margin":0,
         "name":"TreeTiles",
         "spacing":0,
         "tilecount":4,
         "tileheight":48,
         "tileoffset":
            {
             "x":50,
             "y":0
            },
         "tiles":
            {
             "0":
                {
                 "image":"..\/tiles\/coniferAltShort.png"
                },
             "1":
                {
                 "image":"..\/tiles\/coniferAltTall.png"
                },
             "2":
                {
                 "image":"..\/tiles\/coniferShort.png"
                },
             "3":
                {
                 "image":"..\/tiles\/coniferTall.png"
                }
            },
         "tilewidth":19
        }],
 "tilewidth":100,
 "version":1,
 "width":5
}