{ "height":20,
 "layers":[
        {
         "data":[1, 1, 1, 1, 1, 1, 1, 1, 1, 1, 1, 1, 1, 1, 35, 25, 25, 25, 25, 25, 51, 51, 51, 51, 51, 51, 52, 1, 9, 1, 1, 1, 1, 1, 35, 25, 25, 25, 25, 25, 25, 25, 25, 25, 25, 25, 41, 1, 8, 1, 1, 1, 1, 1, 35, 25, 25, 25, 25, 25, 25, 25, 25, 25, 25, 25, 41, 1, 8, 1, 1, 1, 1, 1, 35, 25, 25, 25, 25, 25, 1, 1, 11, 25, 25, 25, 41, 1, 8, 1, 1, 1, 1, 1, 35, 25, 25, 25, 25, 25, 1, 1, 11, 25, 25, 25, 41, 1, 8, 1, 1, 1, 1, 1, 35, 25, 25, 25, 25, 25, 1, 1, 11, 25, 25, 25, 41, 25, 25, 25, 25, 53, 51, 51, 15, 51, 51, 51, 51, 47, 1, 1, 11, 25, 25, 25, 41, 25, 25, 25, 29, 46, 26, 27, 35, 25, 25, 25, 25, 25, 1, 1, 11, 25, 25, 25, 41, 25, 25, 25, 30, 49, 33, 32, 35, 25, 25, 25, 25, 25, 1, 1, 2, 7, 25, 25, 40, 51, 51, 51, 51, 50, 25, 25, 35, 25, 25, 25, 25, 25, 1, 1, 1, 11, 25, 25, 25, 25, 25, 25, 25, 25, 25, 25, 35, 25, 25, 25, 25, 25, 1, 1, 1, 11, 25, 25, 25, 25, 25, 25, 25, 25, 25, 25, 34, 37, 37, 38, 25, 25, 1, 1, 1, 11, 25, 25, 25, 25, 25, 9, 6, 6, 6, 7, 25, 25, 25, 35, 25, 25, 1, 1, 1, 11, 25, 25, 25, 25, 25, 8, 1, 1, 1, 2, 7, 25, 25, 35, 25, 25, 1, 1, 1, 11, 25, 25, 25, 25, 25, 8, 1, 1, 1, 1, 1, 6, 6, 3, 6, 6, 1, 1, 1, 2, 7, 25, 25, 25, 25, 8, 1, 1, 1, 1, 1, 1, 1, 1, 1, 1, 1, 1, 1, 1, 2, 6, 6, 6, 6, 3, 1, 1, 1, 1, 1, 1, 1, 1, 1, 1, 1, 1, 1, 1, 1, 1, 1, 1, 1, 1, 1, 1, 1, 1, 1, 1, 1, 1, 1, 1, 1, 1, 1, 1, 1, 1, 1, 1, 1, 1, 1, 1, 1, 1, 1, 1, 1, 1, 1, 1, 1, 1, 1, 1, 1, 1, 1, 1, 1, 1, 1, 1, 1, 1, 1, 1, 1, 1, 1, 1],
         "height":20,
         "name":"Tile Layer 1",
         "opacity":1,
         "type":"tilelayer",
         "visible":true,
         "width":20,
         "x":0,
         "y":0
        }, 
        {
         "data":[0, 0, 0, 0, 0, 0, 0, 0, 0, 0, 0, 0, 0, 0, 0, 0, 57, 57, 57, 0, 59, 0, 59, 0, 0, 0, 0, 0, 0, 0, 0, 0, 0, 0, 0, 0, 57, 0, 57, 0, 0, 0, 59, 0, 0, 0, 0, 0, 0, 0, 0, 0, 0, 0, 0, 0, 57, 57, 57, 57, 0, 0, 0, 59, 0, 0, 0, 0, 0, 0, 0, 0, 0, 0, 0, 57, 57, 57, 57, 0, 0, 0, 0, 57, 0, 0, 0, 0, 0, 0, 0, 0, 0, 0, 0, 57, 0, 0, 0, 0, 0, 0, 0, 0, 59, 0, 0, 0, 0, 0, 0, 0, 0, 0, 0, 0, 0, 0, 0, 0, 0, 0, 0, 59, 0, 0, 0, 0, 57, 57, 0, 0, 0, 0, 0, 0, 0, 0, 0, 0, 0, 0, 0, 59, 0, 0, 0, 0, 0, 0, 0, 0, 57, 0, 0, 0, 0, 57, 0, 0, 0, 0, 0, 0, 0, 0, 0, 0, 57, 0, 0, 0, 0, 0, 0, 0, 57, 57, 57, 0, 0, 0, 0, 0, 0, 57, 0, 0, 0, 0, 57, 57, 57, 57, 0, 0, 57, 57, 57, 0, 0, 0, 0, 0, 0, 57, 0, 58, 57, 0, 0, 0, 57, 0, 0, 0, 0, 57, 57, 0, 0, 0, 0, 0, 0, 57, 57, 57, 0, 0, 0, 0, 0, 0, 0, 0, 0, 0, 0, 0, 0, 0, 0, 0, 0, 0, 57, 57, 0, 0, 0, 0, 0, 0, 0, 0, 0, 0, 0, 0, 0, 0, 0, 0, 61, 0, 57, 57, 0, 0, 0, 0, 0, 0, 0, 0, 0, 0, 0, 0, 0, 0, 0, 0, 0, 0, 57, 57, 0, 0, 0, 0, 0, 0, 0, 0, 0, 0, 0, 0, 0, 0, 0, 0, 0, 0, 0, 0, 0, 0, 0, 0, 0, 0, 0, 0, 0, 0, 0, 0, 0, 0, 0, 0, 0, 0, 0, 0, 0, 0, 0, 0, 0, 0, 0, 0, 0, 0, 0, 0, 0, 0, 0, 0, 0, 0, 0, 0, 0, 0, 0, 0, 0, 0, 0, 0, 0, 0, 0, 0, 0, 0, 0, 0, 0, 0, 0, 0, 0, 0, 0, 0, 0, 0, 0, 0, 0, 0, 0, 0, 0, 0, 0, 0, 0, 0, 0, 0, 0, 0, 0, 0, 0, 0, 0, 0, 0, 0, 0, 0],
         "height":20,
         "name":"Tile Layer 2",
         "opacity":1,
         "type":"tilelayer",
         "visible":true,
         "width":20,
         "x":0,
         "y":0
        }],
 "nextobjectid":1,
 "orientation":"isometric",
 "renderorder":"right-down",
 "tileheight":50,
 "tilesets":[
        {
         "columns":0,
         "firstgid":1,
         "margin":0,
         "name":"GroundTiles",
         "spacing":0,
         "tilecount":53,
         "tileheight":80,
         "tiles":
            {
             "0":
                {
                 "image":"..\/tiles\/water.png"
                },
             "1":
                {
                 "image":"..\/tiles\/waterCornerES.png"
                },
             "10":
                {
                 "image":"..\/tiles\/waterS.png"
                },
             "11":
                {
                 "image":"..\/tiles\/waterSW.png"
                },
             "12":
                {
                 "image":"..\/tiles\/waterW.png"
                },
             "13":
                {
                 "image":"..\/tiles\/bridgeEW.png"
                },
             "14":
                {
                 "image":"..\/tiles\/bridgeNS.png"
                },
             "15":
                {
                 "image":"..\/tiles\/crossroad.png"
                },
             "16":
                {
                 "image":"..\/tiles\/crossroadESW.png"
                },
             "17":
                {
                 "image":"..\/tiles\/crossroadNES.png"
                },
             "18":
                {
                 "image":"..\/tiles\/crossroadNEW.png"
                },
             "19":
                {
                 "image":"..\/tiles\/crossroadNSW.png"
                },
             "2":
                {
                 "image":"..\/tiles\/waterCornerNE.png"
                },
             "20":
                {
                 "image":"..\/tiles\/endE.png"
                },
             "21":
                {
                 "image":"..\/tiles\/endN.png"
                },
             "22":
                {
                 "image":"..\/tiles\/endS.png"
                },
             "23":
                {
                 "image":"..\/tiles\/endW.png"
                },
             "24":
                {
                 "image":"..\/tiles\/grass.png"
                },
             "25":
                {
                 "image":"..\/tiles\/hillE.png"
                },
             "26":
                {
                 "image":"..\/tiles\/hillES.png"
                },
             "27":
                {
                 "image":"..\/tiles\/hillN.png"
                },
             "28":
                {
                 "image":"..\/tiles\/hillNE.png"
                },
             "29":
                {
                 "image":"..\/tiles\/hillNW.png"
                },
             "3":
                {
                 "image":"..\/tiles\/waterCornerNW.png"
                },
             "30":
                {
                 "image":"..\/tiles\/hillS.png"
                },
             "31":
                {
                 "image":"..\/tiles\/hillSW.png"
                },
             "32":
                {
                 "image":"..\/tiles\/hillW.png"
                },
             "33":
                {
                 "image":"..\/tiles\/riverES.png"
                },
             "34":
                {
                 "image":"..\/tiles\/riverEW.png"
                },
             "35":
                {
                 "image":"..\/tiles\/riverNE.png"
                },
             "36":
                {
                 "image":"..\/tiles\/riverNS.png"
                },
             "37":
                {
                 "image":"..\/tiles\/riverNW.png"
                },
             "38":
                {
                 "image":"..\/tiles\/riverSW.png"
                },
             "39":
                {
                 "image":"..\/tiles\/roadES.png"
                },
             "4":
                {
                 "image":"..\/tiles\/waterCornerSW.png"
                },
             "40":
                {
                 "image":"..\/tiles\/roadEW.png"
                },
             "41":
                {
                 "image":"..\/tiles\/roadHill2E.png"
                },
             "42":
                {
                 "image":"..\/tiles\/roadHill2N.png"
                },
             "43":
                {
                 "image":"..\/tiles\/roadHill2S.png"
                },
             "44":
                {
                 "image":"..\/tiles\/roadHill2W.png"
                },
             "45":
                {
                 "image":"..\/tiles\/roadHillE.png"
                },
             "46":
                {
                 "image":"..\/tiles\/roadHillN.png"
                },
             "47":
                {
                 "image":"..\/tiles\/roadHillS.png"
                },
             "48":
                {
                 "image":"..\/tiles\/roadHillW.png"
                },
             "49":
                {
                 "image":"..\/tiles\/roadNE.png"
                },
             "5":
                {
                 "image":"..\/tiles\/waterE.png"
                },
             "50":
                {
                 "image":"..\/tiles\/roadNS.png"
                },
             "51":
                {
                 "image":"..\/tiles\/roadNW.png"
                },
             "52":
                {
                 "image":"..\/tiles\/roadSW.png"
                },
             "6":
                {
                 "image":"..\/tiles\/waterES.png"
                },
             "7":
                {
                 "image":"..\/tiles\/waterN.png"
                },
             "8":
                {
                 "image":"..\/tiles\/waterNE.png"
                },
             "9":
                {
                 "image":"..\/tiles\/waterNW.png"
                }
            },
         "tilewidth":100
        }, 
        {
         "columns":0,
         "firstgid":54,
         "margin":0,
         "name":"TreeTiles",
         "spacing":0,
         "tilecount":8,
         "tileheight":48,
         "tiles":
            {
             "0":
                {
                 "image":"..\/tiles\/coniferAltShort.png"
                },
             "1":
                {
                 "image":"..\/tiles\/coniferAltTall.png"
                },
             "2":
                {
                 "image":"..\/tiles\/coniferShort.png"
                },
             "3":
                {
                 "image":"..\/tiles\/coniferTall.png"
                },
             "4":
                {
                 "image":"..\/tiles\/treeAltShort.png"
                },
             "5":
                {
                 "image":"..\/tiles\/treeAltTall.png"
                },
             "6":
                {
                 "image":"..\/tiles\/treeShort.png"
                },
             "7":
                {
                 "image":"..\/tiles\/treeTall.png"
                }
            },
         "tilewidth":19
        }],
 "tilewidth":100,
 "version":1,
 "width":20
}