{ "height":10,
 "layers":[
        {
         "data":[1, 1, 1, 1, 1, 1, 1, 1, 1, 1, 1, 1, 1, 1, 1, 1, 1, 1, 1, 1, 1, 1, 1, 1, 1, 1, 1, 1, 1, 1, 1, 1, 1, 1, 1, 1, 1, 1, 1, 1, 1, 1, 1, 1, 1, 1, 1, 1, 1, 1, 1, 1, 1, 1, 1, 1, 1, 1, 1, 1, 1, 1, 1, 1, 1, 1, 1, 1, 1, 1, 1, 1, 1, 1, 1, 1, 1, 1, 1, 1, 1, 1, 1, 1, 1, 1, 1, 1, 1, 1, 1, 1, 1, 1, 1, 1, 1, 1, 1, 1],
         "height":10,
         "name":"Tile Layer 1",
         "opacity":1,
         "type":"tilelayer",
         "visible":true,
         "width":10,
         "x":0,
         "y":0
        }, 
        {
         "data":[0, 0, 0, 0, 3, 0, 0, 0, 0, 0, 0, 0, 0, 3, 3, 0, 0, 0, 0, 0, 0, 3, 3, 3, 0, 0, 0, 0, 3, 0, 0, 0, 0, 0, 0, 0, 0, 0, 3, 0, 0, 0, 0, 0, 0, 3, 3, 3, 3, 0, 0, 3, 3, 0, 0, 0, 0, 0, 3, 0, 0, 0, 3, 0, 0, 0, 0, 0, 0, 0, 0, 0, 3, 0, 0, 0, 0, 0, 0, 0, 0, 0, 0, 0, 3, 3, 3, 0, 0, 0, 0, 0, 0, 0, 0, 0, 0, 0, 0, 0],
         "height":10,
         "name":"Tile Layer 2",
         "opacity":1,
         "type":"tilelayer",
         "visible":true,
         "width":10,
         "x":0,
         "y":0
        }, 
        {
         "data":[0, 0, 0, 0, 0, 4, 4, 4, 4, 0, 0, 0, 0, 0, 0, 4, 4, 0, 0, 0, 0, 0, 0, 0, 0, 0, 0, 0, 0, 0, 0, 0, 0, 0, 0, 0, 0, 0, 0, 0, 0, 0, 0, 0, 0, 0, 0, 0, 0, 0, 0, 0, 0, 0, 0, 0, 0, 0, 0, 0, 0, 0, 0, 0, 0, 0, 0, 0, 0, 0, 0, 0, 0, 0, 0, 0, 0, 0, 0, 0, 0, 0, 0, 0, 0, 0, 0, 0, 0, 0, 0, 0, 0, 0, 0, 0, 0, 0, 0, 0],
         "height":10,
         "name":"Tile Layer 3",
         "opacity":1,
         "type":"tilelayer",
         "visible":true,
         "width":10,
         "x":0,
         "y":0
        }],
 "nextobjectid":1,
 "orientation":"isometric",
 "renderorder":"right-down",
 "tileheight":50,
 "tilesets":[
        {
         "columns":0,
         "firstgid":1,
         "margin":0,
         "name":"g_grass",
         "spacing":0,
         "tilecount":2,
         "tileheight":65,
         "tiles":
            {
             "0":
                {
                 "image":"..\/tiles\/grass.png"
                },
             "1":
                {
                 "image":"..\/tiles\/grassWhole.png"
                }
            },
         "tilewidth":100
        }, 
        {
         "columns":0,
         "firstgid":3,
         "margin":0,
         "name":"c_walls",
         "spacing":0,
         "tilecount":1,
         "tileheight":64,
         "tiles":
            {
             "0":
                {
                 "image":"..\/tiles\/wall.png"
                }
            },
         "tilewidth":64
        }, 
        {
         "columns":0,
         "firstgid":4,
         "margin":0,
         "name":"f_plants",
         "spacing":0,
         "tilecount":1,
         "tileheight":32,
         "tiles":
            {
             "0":
                {
                 "image":"..\/tiles\/treeShort.png"
                }
            },
         "tilewidth":11
        }, 
        {
         "columns":0,
         "firstgid":5,
         "margin":0,
         "name":"g_road",
         "spacing":0,
         "tilecount":6,
         "tileheight":65,
         "tiles":
            {
             "0":
                {
                 "image":"..\/tiles\/roadES.png"
                },
             "1":
                {
                 "image":"..\/tiles\/roadEW.png"
                },
             "2":
                {
                 "image":"..\/tiles\/roadNE.png"
                },
             "3":
                {
                 "image":"..\/tiles\/roadNS.png"
                },
             "4":
                {
                 "image":"..\/tiles\/roadNW.png"
                },
             "5":
                {
                 "image":"..\/tiles\/roadSW.png"
                }
            },
         "tilewidth":100
        }],
 "tilewidth":100,
 "version":1,
 "width":10
}